Age,Education_Level,Employment_Years,Address_Years,Annual_Income,Debt_Income_Ratio,Credit_Debt,Other_Debt,Default_Status
0.798531664886016,3,1.2943129693365536,0.5473923864331589,3.5776339307599305,-0.1407976269105356,6.918431728001847,1.2491331027798125,1
-0.984067495907368,1,0.242200568913675,-0.33279445239504457,-0.4047166800012156,1.031817945217661,0.31919639917745896,0.865931550020646,0
0.6712031534007743,1,0.9937094263585883,-0.18609664592367733,-0.003735170228024285,-0.6977900236714291,-0.014902600568659833,0.16939492301992906,0
0.798531664886016,1,0.9937094263585883,0.8407879993758934,2.039622660397005,-1.0788900846130929,-0.40450092657608194,-0.6240719513841454,0
-1.3660530303630931,2,-0.9602136029981863,-1.212981291223248,-0.4871101409135152,1.031817945217661,0.5998971996841324,0.5069036231614178,1
0.798531664886016,2,-0.5093082885312382,-0.47949225886641184,-0.5695036018258147,-0.008878375046113478,-0.5774131847415169,-0.6470968965894235,0
0.5438746419155326,1,1.7452182838035015,0.10729896701905717,-0.003735170228024285,2.9812913338807885,1.950769389554358,5.682454266514496,0
-0.092767915510676,1,0.5428041118916404,0.4006945799617917,-0.21246527120584988,-0.9762862220518758,-0.49512069332463954,-0.18403713035922192,0
-1.3660530303630931,1,-0.8099118315092035,-0.6261900653377791,-0.7342905236504139,2.072514265481436,0.3166523390008204,0.5909683425990286,1
0.16188910745980742,1,-1.2608171459761515,0.6940901929045262,-0.5695036018258147,1.3836026168561202,-0.5616695845306114,-0.6471349197835533,0
-0.984067495907368,1,-1.2608171459761515,-1.0662834847518807,-0.8166839845627135,-1.2547824204323224,-0.4595276147765464,-0.6212734442961949,0
-1.2387245188778513,1,-0.6596100600202209,-1.212981291223248,-0.6244325757673478,-0.7417631076262364,-0.4134229601379519,-0.2964960502451747,0
2.1991452912236746,1,2.346425369759432,0.8407879993758934,0.5016113900340798,-0.0381937643493184,-0.554065788688707,-0.6459063903812207,0
0.2892176189450491,1,-0.3590065170422556,0.10729896701905717,-0.45964565394274864,0.8852409987016365,0.5526763006867688,0.489616377950321,0
1.689831245282708,1,2.045821826781467,0.9874858058472606,1.4903329209816747,-0.17011301621374053,-0.5555569749728343,-0.6347811840107932,0
0.16188910745980742,2,0.09189879742469236,-0.33279445239504457,0.0896440854725819,-0.2434014894717528,-0.04035574440649222,0.6361520646473089,1
0.16188910745980742,2,0.693105883380623,-0.33279445239504457,-0.1300718102935503,0.8998986933532389,1.34633528129787,0.7917809982204296,1
1.0531886878564993,1,2.1961235982704497,1.5742770317327297,0.721327285800212,-0.3899784359877774,0.20021174768833092,0.975913639040986,0
0.5438746419155326,1,-0.3590065170422556,0.10729896701905717,0.41921792912178024,-0.6684746343682241,-0.20818318276376763,0.4525920531303466,0
-0.092767915510676,1,-1.2608171459761515,1.8676726446754641,-0.5420391148550482,-1.2547824204323224,-0.5146493586763974,-0.52488312624948,0
0.5438746419155326,1,2.045821826781467,-0.7728878718091463,0.17203754638488147,-1.0349170006582855,0.18229902922614516,-0.4616916194613439,0
1.5625027337974662,1,1.2943129693365536,1.8676726446754641,-0.07514283635201725,-0.6831323290198266,-0.19215705589079649,0.03689283681235416,0
-0.8567389844221263,1,-0.8099118315092035,-0.33279445239504457,-0.5420391148550482,-0.0381937643493184,-0.5771564023313683,-0.6470546908439395,0
-0.7294104729368845,1,-0.0584029740642903,-0.33279445239504457,-0.5145746278842817,-0.06750915365252332,-0.31451486449010174,0.19786783148011963,0
-1.7480385648188181,1,-1.110515374487169,-0.9195856782805136,-0.8166839845627135,1.1344218077788784,-0.5640360753799236,-0.5549914122891917,1
-1.2387245188778513,4,-1.2608171459761515,-0.9195856782805136,-0.003735170228024285,1.0757910291724684,-0.43873154009963383,-0.522528730068965,0
1.3078457108269828,2,0.09189879742469236,2.6011616770323007,0.6389338248879124,-0.5218976878521995,-0.1130977784711105,0.8335673478732155,0
1.0531886878564993,1,2.4967271412484147,1.8676726446754641,0.5016113900340798,0.9438717773080463,0.04791139378224701,3.046930558345624,0
-0.2200964269959177,2,0.5428041118916404,-0.039398839452310076,0.33682446820948064,1.193052586385288,1.4559080983296777,2.229821242063604,0
-1.1113960073926097,3,-0.9602136029981863,-1.0662834847518807,-0.2399297581766164,0.5774294110179848,-0.44474513330388327,1.2645271731551884,0
1.3078457108269828,1,-0.8099118315092035,0.9874858058472606,-0.7068260366796474,-1.1961516418259126,-0.5799361214294029,-0.6551798671975286,0
-0.6020819614516428,1,-1.110515374487169,0.25399677349042443,-0.6518970627381143,0.0350947089086939,-0.5048302369515665,-0.6107680159900826,0
-0.984067495907368,1,-0.9602136029981863,-0.18609664592367733,-0.5420391148550482,-0.6245015504134167,-0.5323270783262107,-0.6234468500726521,0
-1.2387245188778513,1,-0.0584029740642903,-0.6261900653377791,-0.5145746278842817,0.6067448003211898,0.09241858458392783,0.43571659911167515,0
-1.2387245188778513,1,-0.0584029740642903,-1.0662834847518807,-0.29485873211814945,-1.0788900846130929,-0.574913351869454,-0.6196392074124977,0
-1.1113960073926097,2,-0.3590065170422556,-0.18609664592367733,-0.0202138624104842,2.3070373799070754,-0.540076098153289,-0.6338123530243669,0
-0.6020819614516428,2,0.242200568913675,-0.6261900653377791,-0.6518970627381143,0.8559256093984315,0.35056081932089544,0.15546284445884254,0
-0.3474249384811594,2,0.5428041118916404,-1.0662834847518807,-0.003735170228024285,0.6067448003211898,1.5296607593093021,1.0861869857283601,0
-0.8567389844221263,1,-1.110515374487169,-0.039398839452310076,-0.5969680887965813,1.0025025559144563,0.30315707012401744,0.39645841163657725,1
1.3078457108269828,1,2.1961235982704497,-0.47949225886641184,0.11710857244334844,-0.888340054142261,-0.5763180638715004,-0.6494387451158756,0
-1.4933815418483347,1,-0.20870474555327295,-0.9195856782805136,-0.4047166800012156,-0.536555382503802,-0.5577208123519265,-0.5903404351758086,0
-0.092767915510676,1,1.2943129693365536,-0.7728878718091463,0.3642889551802472,-0.33134765738136757,-0.4606735640413737,-0.5445669733865758,0
0.9258601763712576,2,-0.20870474555327295,2.1610682576181985,-0.1300718102935503,-0.8297092755358512,0.0412324106822914,-0.2960238021740831,0
0.5438746419155326,1,1.5949165123145188,-0.47949225886641184,0.06217959850181538,0.4161947698503578,0.6942795878667427,1.001592983428463,0
-1.1113960073926097,1,-1.2608171459761515,-1.212981291223248,-0.8716129585042465,-0.40463613063937987,-0.5780092631897537,-0.6524570262658963,1
-1.7480385648188181,2,-1.2608171459761515,-1.0662834847518807,-0.8166839845627135,-0.5072399932005971,-0.48089402364977857,-0.2986968327214054,0
0.03456059597456571,1,0.693105883380623,0.9874858058472606,-0.29485873211814945,-0.8443669701874537,-0.5515184279669509,-0.6118220189313597,0
1.5625027337974662,1,-0.6596100600202209,-0.9195856782805136,-0.5420391148550482,0.02043701425709144,-0.5719732262787046,-0.5571115855938673,0
-1.4933815418483347,2,-1.2608171459761515,-0.9195856782805136,-0.6793615497088809,0.16701396077311603,-0.06798790813095769,-0.03995355945166245,1
0.03456059597456571,1,1.4446147408255363,-0.9195856782805136,-0.10260732332278379,-0.4192938252909823,-0.44459858910066224,0.44846501563950214,0
-0.092767915510676,1,-0.9602136029981863,0.4006945799617917,-0.5695036018258147,0.3429062965923455,-0.5762210278450433,-0.6455022038276212,1
1.4351742223122246,1,-1.110515374487169,0.5473923864331589,-0.7068260366796474,0.54811402171478,-0.5746638306585642,-0.6477299827716841,0
1.4351742223122246,1,1.1440111978475709,1.4275792252613624,0.17203754638488147,0.38687938054715293,1.4214556881742237,0.742426892239997,1
0.4165461304302908,1,-0.8099118315092035,1.4275792252613624,-0.5695036018258147,-0.9616285274002733,-0.37423294752070896,-0.4221128964597321,0
0.6712031534007743,2,-0.8099118315092035,-0.9195856782805136,-0.4871101409135152,-0.11148223760733068,-0.5434829208236658,-0.5751954167219826,0
0.2892176189450491,1,-1.110515374487169,-0.7728878718091463,-0.5969680887965813,0.7093486628824069,0.6089354124341414,0.03781451903805962,1
0.03456059597456571,1,0.09189879742469236,-1.0662834847518807,-0.322323219088916,-0.7710784969294413,-0.5773795191813175,-0.6503482599194595,0
-0.092767915510676,2,1.1440111978475709,0.6940901929045262,0.6389338248879124,-1.1521785578711052,0.12069765515144099,-0.42925023022982994,0
0.6712031534007743,3,1.4446147408255363,-0.33279445239504457,1.4903329209816747,-1.1375208632195029,-0.579025170976948,-0.6549137048386202,0
1.9444882682531914,3,0.242200568913675,1.720974838204097,0.9410431815663443,0.2842755179859357,-0.41636176551065424,-0.3784542847279967,0
-0.4747534499664011,1,0.09189879742469236,0.25399677349042443,-0.4871101409135152,-1.1521785578711052,-0.5485103111467792,-0.4179254020902213,0
-0.7294104729368845,1,0.693105883380623,-1.0662834847518807,-0.10260732332278379,-0.4192938252909823,0.3822038054722566,-0.027784616402373036,1
0.2892176189450491,1,-0.6596100600202209,-1.212981291223248,-0.6244325757673478,0.31359090728914063,-0.5225851893571314,-0.5799323462466686,0
-0.2200964269959177,2,-0.6596100600202209,0.10729896701905717,0.25443100729718104,-0.47792460389739216,-0.4374317854323268,-0.5910347387006181,0
-0.092767915510676,2,-0.5093082885312382,-0.18609664592367733,-0.4871101409135152,-0.3606630466845725,0.09614159947656963,-0.21434313700840837,0
-0.3474249384811594,2,0.39250234040265763,-0.33279445239504457,-0.003735170228024285,1.9112796243138088,-0.5287882338511305,-0.6183559246106182,1
-0.8567389844221263,2,-0.9602136029981863,-0.7728878718091463,-0.6244325757673478,-0.565870771807007,-0.4566020115843144,-0.1666803027028676,1
0.5438746419155326,1,1.5949165123145188,-0.039398839452310076,0.0072506245602823255,-0.17011301621374053,1.080687606963502,-0.02023092865655428,0
-0.8567389844221263,2,-0.0584029740642903,-0.7728878718091463,-0.4047166800012156,-0.30203226807816264,0.4049788870016762,-0.25611465761548363,1
-0.7294104729368845,1,-1.110515374487169,-0.9195856782805136,-0.7068260366796474,1.222367975688493,-0.5424346676943191,-0.5354946392672143,1
-0.092767915510676,2,-0.8099118315092035,-0.039398839452310076,-0.6793615497088809,1.8819642350106038,0.3454271514449956,0.6561435194249144,0
-0.8567389844221263,2,-0.5093082885312382,0.10729896701905717,-0.322323219088916,1.9845680975718212,1.4658282167351069,1.2431087079018928,0
1.5625027337974662,1,2.6470289127373974,1.8676726446754641,1.4903329209816747,0.37222168589555044,-0.5497565969831812,-0.6240537002509632,0
1.0531886878564993,3,-1.110515374487169,-0.47949225886641184,-0.003735170228024285,0.04975240356029636,0.42240708544059974,-0.18478390589193047,0
0.798531664886016,1,0.693105883380623,0.25399677349042443,-0.04767834938125073,-1.2547824204323224,-0.575314698155753,-0.6295602192248354,0
1.5625027337974662,1,0.693105883380623,2.4544638705609336,0.14457305941411497,1.9845680975718212,1.8878147919814419,2.538457029742657,0
-1.3660530303630931,1,-0.9602136029981863,-1.0662834847518807,-0.6793615497088809,-1.4160170615999494,-0.5634538592211807,-0.6169243513516326,0
-0.7294104729368845,1,-1.110515374487169,0.10729896701905717,-0.789219497591947,-0.5218976878521995,-0.4762481763422585,-0.28198107611807893,0
-0.2200964269959177,1,0.8434076548696056,-0.9195856782805136,-0.2399297581766164,-1.1228631685679002,-0.44855528258762944,-0.36523362012907806,0
-0.092767915510676,1,0.9937094263585883,0.25399677349042443,-0.18500078423508337,-1.0349170006582855,-0.5754744445394444,-0.6531642576767098,0
-1.1113960073926097,1,-0.6596100600202209,-0.7728878718091463,-0.5145746278842817,0.0350947089086939,-0.41681856095492875,-0.6415017835732288,1
-0.4747534499664011,1,0.39250234040265763,0.5473923864331589,-0.0202138624104842,0.9878448612628538,-0.5619270270497835,-0.6366253089260867,0
0.2892176189450491,1,-0.20870474555327295,-0.7728878718091463,-0.37725219303044905,1.3689449222045176,-0.40197666967014895,-0.5193652003173688,0
0.03456059597456571,4,-0.6596100600202209,1.134183612318628,-0.45964565394274864,0.10838318216670619,-0.45829321090256764,-0.6041135767854328,0
-1.1113960073926097,1,-0.6596100600202209,-0.7728878718091463,-0.7068260366796474,-0.7124477183230314,-0.5779023255279437,-0.6524045542579971,0
0.6712031534007743,1,0.242200568913675,0.9874858058472606,-0.0202138624104842,1.2516833649916979,-0.44709380120956044,-0.4101823588376363,0
-0.7294104729368845,2,-0.5093082885312382,-0.6261900653377791,-0.2673942451473829,0.31359090728914063,1.7243348316530565,-0.2852761661213642,1
0.2892176189450491,3,-0.5093082885312382,1.2808814187899953,-0.45964565394274864,2.1018296547846407,0.3477104685573445,1.5228978191224598,0
-0.3474249384811594,1,0.5428041118916404,0.5473923864331589,-0.4871101409135152,-1.0788900846130929,-0.5033562135020507,-0.390702316021076,0
-1.4933815418483347,2,-1.2608171459761515,-1.0662834847518807,-0.789219497591947,2.556218188984317,0.7690633391411023,0.35813027148989335,1
-0.3474249384811594,1,-0.8099118315092035,0.25399677349042443,-0.6244325757673478,-0.5951861611102118,-0.545176760578013,-0.13315068965535984,0
-1.2387245188778513,1,-1.110515374487169,-0.33279445239504457,-0.84414847153348,0.16701396077311603,-0.5555107673411881,-0.6043892449428735,1
0.4165461304302908,1,-0.5093082885312382,-0.47949225886641184,0.22696652032641454,0.04975240356029636,0.4099521483848612,0.950918712147845,0
-0.3474249384811594,2,-1.2608171459761515,-0.33279445239504457,-0.7617550106211805,-0.6538169397166217,-0.3842857478398653,-0.37107474321129225,1
0.798531664886016,3,-0.9602136029981863,-1.212981291223248,-0.84414847153348,2.3510104638618827,0.7142472257191401,0.09920790897579917,1
0.16188910745980742,1,1.2943129693365536,-0.33279445239504457,-0.003735170228024285,-0.859024664839056,-0.10006920667393479,-0.02831846204795491,0
0.9258601763712576,1,0.693105883380623,-1.212981291223248,0.9959721555078773,-1.0202593060066831,0.28811450569608815,-0.12644111681922182,0
0.798531664886016,1,0.8434076548696056,-0.039398839452310076,0.17203754638488147,-0.4339515199425848,0.03140338732210767,0.4358808593103157,0
-0.7294104729368845,2,-0.6596100600202209,0.10729896701905717,-0.7342905236504139,-0.5805284664586093,-0.13040979772189482,-0.45913532011999997,0
0.4165461304302908,3,-0.6596100600202209,-0.33279445239504457,-0.4047166800012156,-0.1407976269105356,0.2992241405618969,-0.06553936678158011,1
0.5438746419155326,1,2.045821826781467,0.10729896701905717,1.8473712516016396,-1.1228631685679002,0.07163307165139156,0.08646899824650461,0
0.16188910745980742,1,-0.3590065170422556,0.10729896701905717,-0.5420391148550482,-0.2873745734265602,-0.5600622190583451,0.15375332165076838,0
-0.2200964269959177,1,-0.0584029740642903,-0.18609664592367733,-0.5145746278842817,-0.6538169397166217,-0.0672749903855582,-0.35519625734270316,0
0.9258601763712576,2,1.8955200552924842,0.4006945799617917,2.0670871473677717,-1.0495746953098881,0.321283663909823,0.2517953672504802,0
0.798531664886016,2,2.045821826781467,1.2808814187899953,0.8037207467125116,1.9552527082686162,-0.5148091050600888,-0.6255525745635584,0
0.6712031534007743,1,-0.0584029740642903,1.2808814187899953,-0.4871101409135152,-0.9762862220518758,-0.5447397684044442,-0.6372857718081207,0
2.3264738027089162,1,0.09189879742469236,1.4275792252613624,0.11710857244334844,0.1376985714699111,-0.5786746530854598,-0.6539368889814267,1
-0.8567389844221263,1,-0.6596100600202209,-0.18609664592367733,-0.5420391148550482,0.47482554845676767,-0.4945087722598383,-0.5710854896684965,0
0.16188910745980742,2,0.5428041118916404,0.6940901929045262,0.3917534421510137,-0.34600535203297,-0.46642575407231,-0.5404931683675129,0
-0.092767915510676,2,0.09189879742469236,0.6940901929045262,-0.0202138624104842,-0.023536069697715937,-0.50620062328439,-0.524996815599928,0
1.3078457108269828,3,-0.9602136029981863,-0.47949225886641184,-0.18500078423508337,-0.7857361915810438,-0.5497301926222405,-0.6000762740327344,0
0.4165461304302908,1,-0.3590065170422556,-1.212981291223248,-0.1300718102935503,-0.19942840551694543,-0.40416757151920535,0.6308816697089824,0
-1.7480385648188181,3,-1.2608171459761515,-0.9195856782805136,-0.5969680887965813,-0.37532074133617493,-0.029838887443802694,-0.26953456375164225,0
0.9258601763712576,1,0.5428041118916404,0.4006945799617917,0.14457305941411497,1.6327834259333618,1.012173571194517,2.577434606045077,0
-0.092767915510676,1,1.1440111978475709,2.4544638705609336,0.5016113900340798,-0.2434014894717528,0.6516629493084176,0.7280389155812946,0
-1.2387245188778513,2,-0.6596100600202209,-0.33279445239504457,-0.3497877060596825,-0.7417631076262364,-0.21526087171392813,-0.21291954862019005,0
-0.092767915510676,2,0.09189879742469236,0.10729896701905717,0.5290758770048464,-0.5951861611102118,-0.44087491409899693,-0.5822072739514522,0
0.6712031534007743,2,0.9937094263585883,1.134183612318628,0.7487917727709785,-1.0056016113550807,0.1015650552137939,-0.10415800413141539,0
-0.4747534499664011,2,-1.2608171459761515,-0.6261900653377791,-0.5145746278842817,0.37222168589555044,-0.5081433241406036,-0.5652850514040012,1
-1.2387245188778513,1,-1.110515374487169,-1.212981291223248,-0.7068260366796474,-0.5218976878521995,-0.548869410455573,-0.6222833403322814,1
1.3078457108269828,1,0.5428041118916404,1.5742770317327297,-0.2399297581766164,-0.11148223760733068,-0.49137061396203346,-0.5727029963467767,0
-1.4933815418483347,1,-0.8099118315092035,-1.212981291223248,-0.7342905236504139,-0.2727168787749577,-0.5781617483741863,-0.6502931262879714,1
-0.092767915510676,4,-0.3590065170422556,-0.7728878718091463,-0.5145746278842817,3.6702029825061038,0.7286263805784337,2.2149009406870848,1
-0.4747534499664011,1,-0.9602136029981863,-0.6261900653377791,-0.6518970627381143,0.357563991243948,0.1411333103015127,-0.008317501471816873,1
-0.8567389844221263,1,-0.5093082885312382,0.10729896701905717,-0.6518970627381143,-1.0935477792646955,-0.48729444074180955,-0.4744795801110659,0
0.798531664886016,1,-0.20870474555327295,0.4006945799617917,-0.07514283635201725,-0.859024664839056,-0.1216494908707868,-0.1999201790111066,0
0.5438746419155326,2,-0.20870474555327295,-0.9195856782805136,0.6114693379171459,0.40153707519875537,-0.5732947645437878,-0.6255525745635584,1
-0.7294104729368845,2,0.09189879742469236,-0.7728878718091463,-0.2673942451473829,-1.2987555043871297,-0.49616630601789213,-0.5119552402453604,0
-1.7480385648188181,1,-0.5093082885312382,-1.0662834847518807,-0.5695036018258147,-0.18477071086534297,-0.5557959344393478,-0.5836924599141609,0
0.798531664886016,2,1.5949165123145188,-0.9195856782805136,0.6114693379171459,-0.6538169397166217,0.4145201028276061,0.2714746516042804,0
-1.1113960073926097,4,-1.110515374487169,-0.18609664592367733,-0.5145746278842817,-1.0788900846130929,-0.37429301744184906,-0.4760712310173378,0
-0.2200964269959177,1,-0.5093082885312382,0.25399677349042443,-0.7617550106211805,0.38687938054715293,0.0698903838293039,-0.14675006526781093,0
1.3078457108269828,2,1.4446147408255363,1.5742770317327297,-0.29485873211814945,1.0464756398692636,-0.5763873753189699,-0.6342275663042639,0
0.5438746419155326,1,1.2943129693365536,1.720974838204097,0.3917534421510137,0.5041409377599726,-0.41830776691198546,-0.4358890799248866,0
-1.3660530303630931,1,-0.20870474555327295,-0.9195856782805136,-0.6793615497088809,-0.5805284664586093,-0.2367890072979222,-0.34995019724861975,0
-0.7294104729368845,2,-0.3590065170422556,-0.18609664592367733,0.3093599812387141,-1.1814939471743102,-0.28117803858439333,-0.35061750430559707,0
-0.984067495907368,2,-1.110515374487169,-1.212981291223248,-0.6244325757673478,0.31359090728914063,-0.5781228019417988,-0.6455398467898097,0
0.6712031534007743,1,0.693105883380623,-0.9195856782805136,-0.4871101409135152,-0.6391592450650192,0.05684662952458729,-0.3939920827771831,0
-0.7294104729368845,1,-0.0584029740642903,0.25399677349042443,-0.003735170228024285,-0.5218976878521995,-0.27006048241030234,-0.22241926344157006,0
-0.092767915510676,2,-0.6596100600202209,-0.7728878718091463,-0.2399297581766164,-0.536555382503802,-0.5034360866938964,-0.6065520042249745,1
-1.3660530303630931,1,-1.2608171459761515,-0.9195856782805136,-0.8166839845627135,0.8412679147468292,-0.5134241963287479,-0.5963119778138879,1
-0.984067495907368,1,0.09189879742469236,-0.33279445239504457,-0.0202138624104842,1.1051064184756734,-0.39177138416655993,-0.45915927473230167,1
0.798531664886016,3,1.1440111978475709,2.0143704511468314,2.451589964958503,-0.859024664839056,-0.5715751805375233,-0.6375698050682701,0
-0.4747534499664011,1,0.39250234040265763,-0.039398839452310076,-0.5695036018258147,-0.17011301621374053,-0.5706945951001502,-0.5741600451458292,0
0.798531664886016,1,1.1440111978475709,1.2808814187899953,0.6114693379171459,-0.7124477183230314,-0.2842871520851633,0.5705742221955888,0
0.9258601763712576,2,-0.5093082885312382,-0.7728878718091463,-0.1300718102935503,-1.0056016113550807,-0.5565405374178762,-0.6158114124594544,0
-0.8567389844221263,4,-1.110515374487169,-0.7728878718091463,-0.5420391148550482,0.31359090728914063,-0.3310070283336766,0.4271416083715309,0
-0.6020819614516428,4,-0.9602136029981863,-0.039398839452310076,-0.5695036018258147,-0.0381937643493184,-0.5798885935797096,-0.6552718833273227,0
-0.6020819614516428,1,0.39250234040265763,-1.0662834847518807,-0.3497877060596825,-0.2727168787749577,-0.1298691684316335,0.13941857746384764,0
-0.4747534499664011,1,-0.0584029740642903,-0.6261900653377791,-0.04767834938125073,-0.33134765738136757,-0.4663821868767578,-0.5869065605139497,0
1.3078457108269828,2,0.9937094263585883,0.8407879993758934,0.14457305941411497,1.1490795024304807,0.4436969216671038,2.264954673439505,0
1.0531886878564993,1,0.693105883380623,2.1610682576181985,0.8311852336832781,-0.6098438557618143,0.8399577280488935,0.28953718974368314,1
0.16188910745980742,1,-0.6596100600202209,0.25399677349042443,-0.6244325757673478,0.8852409987016365,0.2960556172490103,0.2655666077003978,0
-0.8567389844221263,1,-0.0584029740642903,-0.33279445239504457,-0.4321811669719821,-0.44860921459418723,-0.5395117049381811,-0.5964944891457108,0
-0.984067495907368,2,-0.8099118315092035,-0.47949225886641184,-0.3497877060596825,0.4308524645019603,-0.569222551977705,-0.6449478256572093,0
0.16188910745980742,3,0.693105883380623,-0.7728878718091463,-0.18500078423508337,1.3103141435981078,1.2686378087937016,1.1270330217903168,0
-0.2200964269959177,1,0.5428041118916404,0.4006945799617917,-0.37725219303044905,0.15235626612151357,0.8092019284251406,-0.0805836237709622,0
2.4538023141941583,1,0.09189879742469236,-0.9195856782805136,-0.4871101409135152,0.6653755789275996,0.4485394814636322,0.32792540653709207,1
-0.2200964269959177,1,0.09189879742469236,-0.6261900653377791,-0.003735170228024285,0.518798632411575,0.3102664443073068,0.3535796556164433,1
-0.4747534499664011,1,0.09189879742469236,-0.47949225886641184,-0.5420391148550482,-0.8443669701874537,-0.5595387526026953,-0.6226015944671475,0
-1.7480385648188181,1,-0.6596100600202209,-1.212981291223248,-0.5420391148550482,-0.19942840551694543,0.3578748273014754,-0.3156749493642273,0
-0.8567389844221263,3,-0.5093082885312382,0.10729896701905717,-0.04767834938125073,-0.22874379482015036,-0.06957216978740101,0.5062116010282561,0
-0.4747534499664011,2,-0.9602136029981863,-1.0662834847518807,-0.5420391148550482,-0.5072399932005971,-0.5613322688195937,-0.5988306341930434,1
-0.3474249384811594,1,-0.0584029740642903,-0.33279445239504457,-0.5420391148550482,-0.9029977487938634,-0.3646805098413793,-0.37400252915928406,0
0.03456059597456571,2,-1.110515374487169,-0.039398839452310076,-0.5969680887965813,0.32824860194074307,-0.5796153084439731,-0.6543836615124513,1
0.6712031534007743,2,0.693105883380623,0.4006945799617917,1.5452618949232078,1.2663410596433005,3.5303574741111645,4.307185753396265,1
-1.6207100533335765,1,-0.6596100600202209,-0.9195856782805136,-0.5969680887965813,0.7826371361404193,0.5000174235536636,0.14618062230788473,1
0.5438746419155326,1,-0.6596100600202209,0.10729896701905717,-0.21246527120584988,-0.5512130771554045,-0.5022320478349994,-0.606180897850268,0
0.798531664886016,4,0.8434076548696056,-0.7728878718091463,-0.04767834938125073,-1.2547824204323224,-0.34694998146968453,-0.5051293164351854,0
-0.092767915510676,1,1.1440111978475709,0.10729896701905717,0.9135786945955777,-0.9176554434454659,-0.46548707904086734,-0.6011105049130641,0
-0.7294104729368845,1,-0.20870474555327295,0.10729896701905717,-0.6518970627381143,-0.08216684830412577,-0.21656788758049386,-0.05322973791401057,0
-0.4747534499664011,1,-0.6596100600202209,0.25399677349042443,-0.4871101409135152,0.15235626612151357,-0.3878556174390509,0.4370732666782251,0
-0.3474249384811594,1,-1.110515374487169,-1.212981291223248,-0.7068260366796474,-0.8003938862326463,-0.559219919944336,-0.6307701172620446,1
-0.092767915510676,1,0.8434076548696056,-0.18609664592367733,0.7487917727709785,-0.2140861001685479,1.8964701414978107,0.36082611595369357,0
-0.2200964269959177,1,-0.3590065170422556,0.8407879993758934,-0.6793615497088809,-0.40463613063937987,-0.5796311510605375,-0.6549163664622093,0
-1.1113960073926097,1,-0.3590065170422556,-1.212981291223248,-0.6518970627381143,0.00577931960548898,-0.10433879183804952,-0.06768463539438134,0
-1.7480385648188181,1,-1.110515374487169,-1.0662834847518807,-0.7617550106211805,1.031817945217661,-0.4751708784158771,0.46835646941654646,0
-0.8567389844221263,2,-0.20870474555327295,-0.9195856782805136,-0.322323219088916,-0.47792460389739216,-0.5562824347896806,-0.5784692137365552,0
0.2892176189450491,1,0.693105883380623,-0.47949225886641184,-0.5969680887965813,-0.19942840551694543,-0.18238744234272938,-0.07215768395180669,0
-0.2200964269959177,2,-0.9602136029981863,0.8407879993758934,-0.29485873211814945,1.8526488457073989,0.8220496303498724,1.584656231723845,1
0.5438746419155326,1,0.5428041118916404,0.25399677349042443,0.0072506245602823255,-0.7710784969294413,-0.576300901036889,-0.6486881672637541,0
0.6712031534007743,2,-0.0584029740642903,1.5742770317327297,0.3093599812387141,-0.6831323290198266,-0.5742109958684308,-0.6465003126735276,0
1.3078457108269828,3,1.1440111978475709,1.8676726446754641,0.9410431815663443,-1.0642323899614905,-0.5794034134474239,-0.6547338551303865,0
-0.984067495907368,1,0.242200568913675,-0.33279445239504457,-0.322323219088916,-0.5512130771554045,-0.5238400566108392,-0.6036204159575697,0
-0.8567389844221263,4,-1.2608171459761515,-0.18609664592367733,-0.45964565394274864,2.0431988761782307,0.36042152791420806,1.471469167670307,0
-0.092767915510676,1,0.693105883380623,0.10729896701905717,-0.5145746278842817,-0.33134765738136757,-0.5162705864381577,-0.6098816953349178,0
0.6712031534007743,1,0.8434076548696056,1.8676726446754641,-0.07514283635201725,0.6946909682308046,-0.3956468842436344,-0.5162431158473739,1
-0.984067495907368,1,0.39250234040265763,-0.039398839452310076,-0.003735170228024285,0.9731871666112513,-0.273889114746707,-0.4717753705445571,0
0.16188910745980742,1,-1.110515374487169,-0.6261900653377791,-0.8166839845627135,-0.1407976269105356,-0.2941729448213696,-0.254157984045566,0
2.5811308256794,1,1.5949165123145188,-0.9195856782805136,0.8861142076248112,0.7826371361404193,2.327653355659799,2.296510882711678,0
-0.984067495907368,2,-0.6596100600202209,-0.7728878718091463,-0.6518970627381143,0.4308524645019603,0.13693633712998496,0.03592552675369299,1
-0.6020819614516428,1,-1.110515374487169,-0.039398839452310076,-0.789219497591947,0.10838318216670619,-0.5307527183051202,-0.6125665130724204,0
0.16188910745980742,1,0.242200568913675,-1.212981291223248,-0.4871101409135152,0.1376985714699111,-0.5261827835353048,-0.5670614950337437,1
-0.4747534499664011,1,-1.110515374487169,-0.33279445239504457,-0.6793615497088809,-1.1375208632195029,-0.5781756106636803,-0.6543574255085018,1
-0.2200964269959177,2,0.693105883380623,-0.9195856782805136,-0.15753629726431684,-0.44860921459418723,-0.5680284147541608,-0.5526917695082236,0
-0.6020819614516428,1,-0.6596100600202209,-1.212981291223248,-0.3497877060596825,-0.888340054142261,-0.24972252339571133,-0.31854570052102443,0
-1.3660530303630931,1,-1.110515374487169,-1.212981291223248,-0.7617550106211805,-0.6391592450650192,-0.5642321277599085,-0.6240046503305358,1
-0.2200964269959177,4,0.09189879742469236,0.25399677349042443,-0.4871101409135152,-0.8736823594906585,-0.33124202714604906,-0.34079155047858367,0
-0.092767915510676,1,-0.0584029740642903,2.747859483503668,0.03471511153104885,-0.4925822985489946,-0.31669520459478184,0.426122206536912,0
-0.4747534499664011,2,-0.3590065170422556,-0.33279445239504457,-0.37725219303044905,1.8819642350106038,1.6255402747572514,0.884949991260471,1
-0.8567389844221263,1,-0.8099118315092035,-0.18609664592367733,-0.7342905236504139,-0.9029977487938634,-0.40774008155448505,-0.4583261865489186,0
-0.092767915510676,3,-0.0584029740642903,0.25399677349042443,1.1607590773324765,-0.6098438557618143,-0.3922017752498937,1.2776079123997095,1
1.689831245282708,4,-0.8099118315092035,2.1610682576181985,-0.0202138624104842,-0.06750915365252332,-0.5156705473357799,-0.5246751393775901,0
0.16188910745980742,2,-1.2608171459761515,1.2808814187899953,-0.4321811669719821,-0.08216684830412577,-0.5582990678565283,-0.5571553122671165,0
-0.7294104729368845,3,-0.20870474555327295,-1.0662834847518807,0.47414690306331325,-0.6977900236714291,-0.2026046014060166,0.4448159296988688,0
0.6712031534007743,3,1.2943129693365536,0.4006945799617917,1.9297647125139392,-0.6245015504134167,-0.41093302890124184,-0.4880462557765654,0
-0.2200964269959177,1,-0.20870474555327295,-0.33279445239504457,-0.5420391148550482,-0.6245015504134167,-0.5441694342081245,-0.6166254890457726,0
-1.1113960073926097,2,-0.3590065170422556,-0.33279445239504457,-0.4321811669719821,-1.3573862829935397,-0.5790568562100769,-0.6547053377347891,0
0.16188910745980742,1,0.8434076548696056,0.4006945799617917,0.9685076685371108,-0.44860921459418723,0.598019849621247,0.8836541608045286,0
-1.1113960073926097,2,-0.3590065170422556,-1.212981291223248,-0.29485873211814945,-1.2254670311291176,-0.5233779802943765,-0.43506359638032943,0
0.6712031534007743,3,1.1440111978475709,-0.33279445239504457,1.9297647125139392,0.2696178233343332,-0.4734545949547302,-0.1829808460262971,0
1.1805171993417412,1,-0.5093082885312382,-0.7728878718091463,0.06217959850181538,-0.18477071086534297,-0.4499692361160051,-0.5659420921985635,1
-0.7294104729368845,3,-1.110515374487169,0.25399677349042443,-0.4321811669719821,-0.8443669701874537,-0.5615586862146604,-0.6145939097834193,0
0.03456059597456571,3,-0.5093082885312382,-0.7728878718091463,-0.2399297581766164,-0.7124477183230314,-0.19620616464105617,-0.11666991639175527,1
-0.092767915510676,1,1.1440111978475709,-0.7728878718091463,0.8037207467125116,0.02043701425709144,-0.5539007614328275,-0.6406782011883783,0
-0.092767915510676,3,0.5428041118916404,-0.039398839452310076,0.03471511153104885,-0.5218976878521995,0.2784907762422186,0.04754503464780732,0
1.4351742223122246,1,0.8434076548696056,2.4544638705609336,-0.29485873211814945,-0.008878375046113478,-0.49092636058920586,-0.570867616766133,0
0.798531664886016,2,1.8955200552924842,2.0143704511468314,2.7262348346661684,0.2842755179859357,-0.36631031902044536,-0.10576068176398491,0
-0.092767915510676,2,-0.20870474555327295,-0.039398839452310076,-0.4321811669719821,-0.9176554434454659,-0.5770507848876055,-0.652438775132714,1
-0.984067495907368,4,-1.2608171459761515,-0.33279445239504457,0.6663983118586789,-0.33134765738136757,-0.5693222284402562,-0.6401603252843309,1
-0.8567389844221263,1,0.39250234040265763,-0.33279445239504457,-0.5969680887965813,-1.1521785578711052,-0.5092839925332427,-0.47702257133446446,0
1.689831245282708,3,-1.2608171459761515,2.747859483503668,-0.7342905236504139,0.07906779286350127,-0.01922433434563249,-0.19808137734299125,0
1.689831245282708,3,1.2943129693365536,2.6011616770323007,1.8473712516016396,0.25496012868273077,-0.3571235817401447,-0.2680881614469461,0
-0.7294104729368845,3,-0.5093082885312382,-0.33279445239504457,0.6663983118586789,1.412918006159325,-0.3703521665714463,-0.24639973151532912,1
1.0531886878564993,2,0.09189879742469236,-0.47949225886641184,0.3917534421510137,1.4862064794173373,-0.5533423091989313,-0.6241175792171012,1
-1.4933815418483347,1,-0.5093082885312382,-0.9195856782805136,-0.789219497591947,-0.34600535203297,-0.3805369886953063,-0.25954472995792954,0
-0.7294104729368845,2,0.242200568913675,-0.039398839452310076,-0.04767834938125073,1.1490795024304807,-0.33554989863352785,-0.49329269610259013,0
0.6712031534007743,4,-0.5093082885312382,-0.33279445239504457,0.8037207467125116,-1.2254670311291176,0.0041415447598358345,-0.4499458745627188,0
-1.6207100533335765,2,-1.2608171459761515,-0.7728878718091463,-0.7068260366796474,-0.6831323290198266,-0.5786376869801428,-0.6518288830988725,0
-1.4933815418483347,1,-0.20870474555327295,-0.7728878718091463,-0.6518970627381143,0.6067448003211898,-0.019557029293485587,0.22644910604358004,0
1.4351742223122246,3,0.09189879742469236,0.25399677349042443,0.3917534421510137,0.7386640521856119,-0.5694007814140548,-0.6265027741848612,0
2.5811308256794,1,-0.8099118315092035,0.4006945799617917,-0.15753629726431684,-0.33134765738136757,-0.5762876988564186,-0.6452736844309014,1
0.4165461304302908,2,-0.0584029740642903,1.134183612318628,-0.21246527120584988,-1.4160170615999494,-0.5605903062771594,-0.5797901395006232,0
0.03456059597456571,2,-0.5093082885312382,-1.0662834847518807,-0.3497877060596825,-1.0935477792646955,-0.5116920702510366,-0.34331476964103474,0
-0.6020819614516428,1,0.39250234040265763,0.10729896701905717,-0.5145746278842817,-1.372043977645142,-0.5312418590915471,-0.5909917724912515,0
-1.3660530303630931,1,-0.20870474555327295,-1.212981291223248,-0.7617550106211805,-0.5512130771554045,-0.5765299588680497,-0.6528528477167871,0
-0.092767915510676,2,-0.6596100600202209,-0.7728878718091463,-0.4871101409135152,-0.11148223760733068,-0.578512926374698,-0.6460451750397943,0
-0.3474249384811594,2,-0.9602136029981863,0.4006945799617917,-0.84414847153348,-0.17011301621374053,-0.5016141857889865,-0.18143748457657,1
0.2892176189450491,2,0.39250234040265763,-0.6261900653377791,0.8037207467125116,-0.9909439167034783,-0.16240396187376752,0.10226497378383213,0
0.5438746419155326,1,-0.3590065170422556,1.5742770317327297,-0.10260732332278379,1.412918006159325,1.097220697566535,1.5565734412354257,1
-0.6020819614516428,1,-0.6596100600202209,-0.6261900653377791,-0.6793615497088809,1.1783948917336857,-0.2552951637722507,0.6188940972956919,0
-0.6020819614516428,1,0.242200568913675,0.4006945799617917,-0.18500078423508337,-0.11148223760733068,0.7773602494577005,-0.028401732843099093,0
-0.3474249384811594,2,-0.20870474555327295,0.25399677349042443,-0.37725219303044905,-0.8736823594906585,-0.5513936673615061,-0.6194604984000878,0
2.4538023141941583,3,1.8955200552924842,1.720974838204097,1.9846936864554723,0.6067448003211898,0.05373091493358211,-0.3742504403850101,0
-0.984067495907368,3,-0.8099118315092035,-0.6261900653377791,-0.29485873211814945,0.44551015915356273,-0.4743008547228803,-0.5391889728088621,0
-0.4747534499664011,1,0.5428041118916404,-0.6261900653377791,-0.4047166800012156,1.9699104029202186,-0.44421044499483364,-0.4541630270236508,0
0.5438746419155326,1,0.9937094263585883,1.134183612318628,-0.18500078423508337,-1.24012472578072,-0.48778952250944807,-0.4414944592034963,0
-0.4747534499664011,1,-0.5093082885312382,-0.7728878718091463,-0.5695036018258147,0.5627717163663825,-0.5022874969929749,-0.5660344885602988,0
0.03456059597456571,1,0.9937094263585883,0.4006945799617917,-0.15753629726431684,1.2077102810368905,-0.5719943497674572,-0.6317769714426007,0
0.03456059597456571,2,0.242200568913675,1.134183612318628,1.4354039470401416,0.44551015915356273,2.6378385858109294,2.4471207546596703,0
1.4351742223122246,2,2.045821826781467,1.2808814187899953,2.698770347695402,0.12304087681830865,1.6146405545609215,4.1581812207044315,0
-0.2200964269959177,1,0.693105883380623,-0.7728878718091463,0.17203754638488147,1.6181257312817594,-0.4008769280369679,-0.3373352421321882,1
-0.092767915510676,2,0.693105883380623,-0.7728878718091463,1.6276553558355074,-1.2254670311291176,0.3563229109871845,-0.43607501334418114,0
0.03456059597456571,2,-1.110515374487169,-1.0662834847518807,-0.6793615497088809,-0.34600535203297,-0.335793478863206,-0.16516431795291395,0
0.4165461304302908,1,-0.5093082885312382,0.6940901929045262,-0.6793615497088809,-0.18477071086534297,-0.5503124087809834,-0.600539396537235,0
0.798531664886016,1,1.5949165123145188,-1.0662834847518807,-0.003735170228024285,-0.3606630466845725,0.9078063739221724,1.3348769264701936,0
0.4165461304302908,1,1.4446147408255363,1.5742770317327297,-0.04767834938125073,-0.8443669701874537,-0.5400107473599608,-0.6030512087414471,0
-0.092767915510676,3,-0.9602136029981863,0.8407879993758934,-0.18500078423508337,0.4308524645019603,0.17440412530486932,0.8675840380375255,0
2.071816779738433,3,1.1440111978475709,2.4544638705609336,0.9959721555078773,-0.859024664839056,1.1395627307710767,-0.27391787757092134,0
-0.092767915510676,2,0.242200568913675,-0.9195856782805136,-0.3497877060596825,-0.11148223760733068,-0.20129758553945087,0.3185865298268809,0
1.5625027337974662,1,0.9937094263585883,-1.0662834847518807,-0.4321811669719821,2.0871719601330385,-0.4339662130588571,-0.45994977693825945,0
-0.092767915510676,2,-0.0584029740642903,-0.33279445239504457,0.8861142076248112,-0.7124477183230314,0.8435487211368317,0.12625038487282805,0
-0.984067495907368,2,-0.0584029740642903,-0.18609664592367733,-0.7617550106211805,0.2403024340311283,-0.3155961230706243,0.006853752985958641,0
2.1991452912236746,1,0.09189879742469236,0.4006945799617917,-0.5969680887965813,1.3103141435981078,-0.05073529869229,0.7919422165635398,1
0.5438746419155326,1,0.09189879742469236,-0.33279445239504457,-0.29485873211814945,-0.7710784969294413,-0.5646413953544898,-0.5976089489656542,0
-0.2200964269959177,1,-0.20870474555327295,-1.212981291223248,-0.6518970627381143,-0.565870771807007,-0.16361922258606426,-0.359777291771457,0
-0.092767915510676,1,-1.2608171459761515,-1.0662834847518807,-0.6793615497088809,-0.44860921459418723,-0.4562429122755206,-0.15167787122702825,0
-0.4747534499664011,3,0.09189879742469236,-0.18609664592367733,0.3642889551802472,0.6360601896243947,1.472705232542118,1.437628524894818,1
-0.8567389844221263,1,-0.9602136029981863,0.10729896701905717,-0.8166839845627135,0.7240063575340094,-0.005277550896743185,-0.06162678010562747,0
0.5438746419155326,1,1.5949165123145188,1.134183612318628,-0.0202138624104842,-0.9616285274002733,-0.5195559490482071,-0.6268107620573122,0
2.071816779738433,2,2.045821826781467,2.1610682576181985,2.039622660397005,-0.3899784359877774,-0.30668861190727176,-0.4659623846259989,0
-1.6207100533335765,1,-0.6596100600202209,-1.0662834847518807,-0.8166839845627135,-1.3280708936903347,-0.5744288318461918,-0.6512113864262052,0
-0.984067495907368,3,-0.3590065170422556,-0.6261900653377791,-0.5420391148550482,0.02043701425709144,0.034012138183050995,0.019164902781293368,0
-0.3474249384811594,1,1.1440111978475709,0.25399677349042443,-0.21246527120584988,1.574152647326952,-0.5341767038101083,-0.37827253386005644,0
-0.8567389844221263,2,-0.3590065170422556,-0.18609664592367733,-0.21246527120584988,-0.44860921459418723,-0.06889093727513038,0.09060592176782284,0
-0.984067495907368,2,-1.110515374487169,-1.212981291223248,-0.7068260366796474,0.00577931960548898,-0.5551206429082889,-0.5913058440747633,1
-1.1113960073926097,2,-0.9602136029981863,-0.33279445239504457,-0.5969680887965813,0.4894832431083701,0.4606643640076117,-0.013662802102578983,1
-0.3474249384811594,1,0.8434076548696056,-1.212981291223248,-0.003735170228024285,-1.1521785578711052,-0.3997798268398809,-0.43059168851872803,0
-0.6020819614516428,1,-1.2608171459761515,0.4006945799617917,-0.789219497591947,-0.9616285274002733,-0.5505256239955798,-0.6483638294178272,1
0.5438746419155326,1,0.693105883380623,-1.0662834847518807,-0.21246527120584988,-0.19942840551694543,0.6724207376619661,-0.09077003747832577,0
-0.4747534499664011,1,0.39250234040265763,-0.33279445239504457,-0.003735170228024285,-0.8003938862326463,-0.3519984952815505,-0.27560306553475244,1
-0.092767915510676,1,0.9937094263585883,-0.9195856782805136,-0.18500078423508337,2.1164873494362433,2.306903488614533,1.3445751223649312,1
-0.4747534499664011,1,-0.0584029740642903,-0.7728878718091463,-0.1300718102935503,0.3429062965923455,-0.4913422292740222,1.2579073350571965,0
-0.7294104729368845,2,-1.110515374487169,-0.18609664592367733,-0.5695036018258147,0.02043701425709144,-0.5762467720969605,-0.6475786504590476,0
-0.7294104729368845,1,0.09189879742469236,-1.212981291223248,-0.5695036018258147,0.5334563270631775,-0.5729402859981586,-0.6461562027666532,0
0.03456059597456571,2,0.09189879742469236,1.134183612318628,-0.4321811669719821,-0.3899784359877774,-0.575716044442052,-0.6491010991520033,0
-0.7294104729368845,1,0.39250234040265763,-0.18609664592367733,-0.37725219303044905,-0.6245015504134167,-0.5187895624719027,-0.6175562968380692,0
0.4165461304302908,2,-0.9602136029981863,1.134183612318628,-0.6518970627381143,1.8233334564041939,0.2177680072778169,0.7840501223899662,1
0.03456059597456571,1,1.1440111978475709,0.9874858058472606,-0.2673942451473829,-1.0056016113550807,-0.4620413099381031,-0.25784471294838784,0
-0.7294104729368845,1,0.39250234040265763,-0.47949225886641184,-0.2673942451473829,-0.6098438557618143,-0.1117848216233331,-0.09001185498737829,0
-1.4933815418483347,2,-0.8099118315092035,-0.6261900653377791,-0.322323219088916,-0.859024664839056,-0.578277267453302,-0.650606817639542,0
-0.2200964269959177,1,0.09189879742469236,-0.039398839452310076,-0.37725219303044905,-0.6977900236714291,-0.5472429018216245,-0.6072504903011382,0
2.071816779738433,2,1.5949165123145188,2.4544638705609336,3.1107376522568995,-1.0935477792646955,-0.509474103932016,-0.526647402457101,0
-1.3660530303630931,1,-0.6596100600202209,-0.9195856782805136,-0.6793615497088809,-1.1228631685679002,-0.5144090789918369,-0.4854774087811586,0
-0.4747534499664011,1,0.242200568913675,0.5473923864331589,0.0896440854725819,-0.06750915365252332,1.556469106972417,-0.0600647872907768,1
1.3078457108269828,1,0.242200568913675,0.8407879993758934,0.17203754638488147,-0.7124477183230314,0.035385164951968535,0.05791814223834802,0
-0.7294104729368845,1,-0.8099118315092035,-1.0662834847518807,-0.789219497591947,-0.18477071086534297,-0.5489994519332061,-0.6149840277551908,0
-0.092767915510676,1,-1.2608171459761515,0.25399677349042443,-0.7068260366796474,1.0025025559144563,-0.4447768185370121,-0.6031538713655975,0
-1.2387245188778513,2,-0.6596100600202209,-0.47949225886641184,-0.5145746278842817,-0.7710784969294413,-0.5437357425796732,-0.6248601721984555,1
0.2892176189450491,1,1.7452182838035015,-0.9195856782805136,0.2818954942679476,-1.2254670311291176,-0.544185276824689,-0.6354758677675441,0
1.5625027337974662,1,3.0979342272043455,1.4275792252613624,2.286803043133904,2.204433517345858,0.777265193758314,-0.19614333513819723,1
1.0531886878564993,2,-0.3590065170422556,2.307766064089566,0.22696652032641454,-0.09682454295572823,-0.5389413707418615,-0.481840870494588,0
1.5625027337974662,1,2.045821826781467,1.5742770317327297,0.9685076685371108,-0.6977900236714291,-0.48060687622454823,-0.5431612558995984,0
-1.3660530303630931,1,-0.3590065170422556,-0.9195856782805136,-0.6793615497088809,-0.7417631076262364,-0.5086423665623832,-0.28119247507182765,0
-0.984067495907368,3,-0.5093082885312382,-1.0662834847518807,0.8037207467125116,-0.5805284664586093,0.8765746356924631,0.30228598650345145,0
-1.2387245188778513,1,0.09189879742469236,-0.6261900653377791,-0.7617550106211805,-1.3280708936903347,-0.5756566346299353,-0.6495915983562773,0
0.16188910745980742,3,0.39250234040265763,0.5473923864331589,-0.04767834938125073,0.6507178842759972,-0.28540405655295586,1.6343460825084433,0
-0.092767915510676,1,1.1440111978475709,1.720974838204097,0.3093599812387141,1.3396295329013128,0.44922203419394985,2.9564558888416177,0
-1.1113960073926097,1,0.242200568913675,-1.0662834847518807,-0.5695036018258147,-0.46326690924578967,-0.5713817685936325,-0.6535178733821166,0
0.798531664886016,1,-0.6596100600202209,1.5742770317327297,-0.5695036018258147,-0.023536069697715937,-0.5730049766824634,-0.6497311434787335,0
0.5438746419155326,1,1.5949165123145188,0.9874858058472606,0.3917534421510137,2.4682720210747022,-0.5166785338146919,-0.6299510976604894,1
0.2892176189450491,1,1.4446147408255363,-0.039398839452310076,0.22696652032641454,0.2696178233343332,2.4521406759689737,0.08257770455926464,0
-0.7294104729368845,1,-0.9602136029981863,-1.212981291223248,-0.8716129585042465,0.6067448003211898,-0.19274851357586864,-0.11181739635691489,1
0.9258601763712576,1,-0.3590065170422556,0.10729896701905717,-0.4047166800012156,0.19632935007632094,-0.5123534994926017,-0.557536684904238,0
-0.4747534499664011,4,-1.110515374487169,-0.33279445239504457,-0.45964565394274864,0.12304087681830865,0.12333347048234855,0.16353402787676735,0
0.16188910745980742,1,-0.6596100600202209,0.9874858058472606,-0.789219497591947,1.031817945217661,-0.23638105992138805,0.2650301004312269,0
0.5438746419155326,1,1.1440111978475709,-0.6261900653377791,0.17203754638488147,1.4275757008109276,-0.5797308275230888,-0.6550623755276677,0
-1.4933815418483347,4,-1.2608171459761515,-0.9195856782805136,-0.6244325757673478,-0.5218976878521995,-0.2707681192835137,-0.24748719486744036,0
0.5438746419155326,1,-0.6596100600202209,0.9874858058472606,-0.3497877060596825,-0.47792460389739216,-0.5537779811544532,-0.5825734373109219,0
-0.984067495907368,3,-0.6596100600202209,-1.0662834847518807,-0.15753629726431684,-1.0495746953098881,-0.5612609770450538,-0.6189479457432185,1
-1.3660530303630931,1,-0.0584029740642903,-0.6261900653377791,-0.5969680887965813,-0.7710784969294413,-0.5774864568431274,-0.6521878220514575,0
-0.984067495907368,3,-0.8099118315092035,-0.6261900653377791,-0.0202138624104842,0.10838318216670619,-0.5607269488450277,-0.47818950316230685,1
0.798531664886016,1,1.1440111978475709,2.0143704511468314,0.0896440854725819,-1.269440115083925,-0.5771590427674624,-0.6539581819701393,0
0.4165461304302908,1,-1.2608171459761515,-0.039398839452310076,-0.6244325757673478,-0.31668996272976513,0.01275002653553469,-0.2883628890208184,1
0.6712031534007743,2,-0.5093082885312382,0.5473923864331589,-0.29485873211814945,0.8998986933532389,-0.4754283209350491,-0.49728437102233264,1
2.4538023141941583,1,2.4967271412484147,0.5473923864331589,2.039622660397005,2.3803258531650875,-0.48365459958613105,-0.5898852975420753,1
0.6712031534007743,1,0.5428041118916404,-0.33279445239504457,1.188223564303243,1.0464756398692636,1.2498128196610139,4.178971542790703,0
0.6712031534007743,1,-0.9602136029981863,-0.6261900653377791,-0.37725219303044905,-0.9616285274002733,-0.016494123424361847,-0.5296953416985428,0
-0.7294104729368845,1,-1.110515374487169,-0.039398839452310076,-0.4047166800012156,-0.33134765738136757,-0.5696918894934263,-0.5669428626680588,0
-0.6020819614516428,1,-0.0584029740642903,-0.33279445239504457,-0.6244325757673478,0.25496012868273077,-0.5297209679013615,-0.5793201728211793,0
-0.7294104729368845,1,-1.110515374487169,-1.0662834847518807,-0.7617550106211805,-1.3427285883419373,-0.5602694932917297,-0.5913818904630228,0
-0.7294104729368845,3,-0.8099118315092035,-0.7728878718091463,-0.003735170228024285,-1.1521785578711052,-0.5782944302879135,-0.6517224181553092,1
-0.8567389844221263,4,-0.9602136029981863,-0.6261900653377791,-0.1300718102935503,-1.1375208632195029,-0.5769742122408774,-0.6531482879351753,1
-0.8567389844221263,4,-1.2608171459761515,-0.47949225886641184,-0.21246527120584988,0.02043701425709144,-0.1599965442649972,0.6054460539958773,0
0.5438746419155326,2,1.1440111978475709,0.10729896701905717,1.188223564303243,0.5920871056695873,2.7216691312526042,2.2821019932962043,0
-0.3474249384811594,1,0.39250234040265763,-0.9195856782805136,0.199502033355648,-1.0202593060066831,-0.5211243680880859,-0.02419028386128652,0
0.16188910745980742,2,-0.20870474555327295,1.134183612318628,-0.07514283635201725,0.7533217468372143,-0.5625204650619262,-0.6401922647673999,0
0.5438746419155326,1,1.7452182838035015,0.5473923864331589,-0.18500078423508337,-0.30203226807816264,-0.06913649783187908,0.2664145249294915,0
-0.8567389844221263,3,-0.3590065170422556,-0.039398839452310076,0.03471511153104885,1.3982603115077226,3.0996363362656387,0.7636141764729837,1
-0.8567389844221263,1,-0.6596100600202209,-0.9195856782805136,-0.4871101409135152,0.5774294110179848,-0.5511349046242869,-0.5207492445836921,1
1.4351742223122246,1,-0.3590065170422556,1.5742770317327297,-0.4047166800012156,0.2842755179859357,-0.44893748571224634,-0.5869928731646242,0
-0.6020819614516428,1,-0.6596100600202209,-0.039398839452310076,-0.84414847153348,-0.5512130771554045,-0.3489507719199677,-0.4176641827465498,0
0.5438746419155326,2,0.9937094263585883,1.5742770317327297,-0.37725219303044905,-0.7857361915810438,-0.301576727629148,-0.21947474728816121,0
0.6712031534007743,3,-0.5093082885312382,-0.7728878718091463,4.7860713574736575,0.8412679147468292,-0.5260982895802945,-0.5525092581764007,1
1.1805171993417412,2,1.4446147408255363,-0.6261900653377791,0.7762562597417451,0.4601678538051652,2.4048068983285886,1.395787041610544,0
-0.6020819614516428,1,-1.2608171459761515,-0.039398839452310076,-0.7342905236504139,0.9292140826564439,-0.1677726285620398,0.30650009710885306,1
-1.3660530303630931,2,-0.8099118315092035,-1.212981291223248,-0.7342905236504139,-0.8736823594906585,-0.3432487501748188,-0.4810252729805046,0
-0.3474249384811594,1,0.242200568913675,0.6940901929045262,-0.37725219303044905,0.15235626612151357,0.19098078310345454,0.27552031945968725,0
-0.7294104729368845,2,-0.8099118315092035,-0.039398839452310076,-0.84414847153348,-1.1228631685679002,-0.5703255941560036,-0.6460463157356182,0
0.6712031534007743,2,-0.9602136029981863,-1.0662834847518807,-0.2673942451473829,-0.9469708327486708,-0.3966905166098164,-0.2407342755899944,0
0.798531664886016,2,-0.0584029740642903,1.8676726446754641,-0.07514283635201725,-1.401359366948347,-0.5233779802943765,-0.5734680230126675,0
-1.6207100533335765,1,-1.110515374487169,-0.7728878718091463,-0.003735170228024285,1.222367975688493,-0.5267801822015886,-0.5657287820794955,0
-0.092767915510676,1,0.242200568913675,-0.039398839452310076,-0.322323219088916,-1.3280708936903347,-0.5560355540148849,-0.5139719904620031,0
0.2892176189450491,2,-0.3590065170422556,0.6940901929045262,0.4466824160925468,-0.25805918412335527,-0.5017330054132197,-0.500003409634552,0
0.798531664886016,3,1.4446147408255363,-0.33279445239504457,0.6938627988294455,0.7972948307920218,3.7539951500798203,1.0867014395449357,1
0.798531664886016,3,-0.20870474555327295,-0.33279445239504457,0.2818954942679476,0.6214024949727922,-0.5553490406304261,-0.36075372739670936,1
0.5438746419155326,1,-0.9602136029981863,0.9874858058472606,-0.6518970627381143,1.8819642350106038,0.684706686807684,0.5485473858362171,1
-1.3660530303630931,2,-1.2608171459761515,-0.9195856782805136,-0.84414847153348,0.8559256093984315,-0.36798171506799304,0.14083189958965095,1
-0.3474249384811594,3,0.09189879742469236,0.25399677349042443,0.14457305941411497,1.8673065403590012,-0.40268892730652495,-0.31142433649246104,0
-1.7480385648188181,3,-1.2608171459761515,-1.0662834847518807,-0.5420391148550482,-0.37532074133617493,0.42964980164663974,-0.4756506944902626,0
-0.7294104729368845,1,0.693105883380623,-0.18609664592367733,-0.5145746278842817,-1.1668362525227076,-0.5345034577767498,-0.44538537265879496,0
0.03456059597456571,2,0.8434076548696056,-0.7728878718091463,0.9959721555078773,-1.3867016722967447,-0.27082092800539515,-0.5839620443605409,0
-0.7294104729368845,1,-0.3590065170422556,-0.18609664592367733,-0.6793615497088809,1.1490795024304807,0.1526442914536204,0.3679455788225504,0
0.798531664886016,1,-0.9602136029981863,2.0143704511468314,-0.4321811669719821,-0.5218976878521995,-0.5725752457081531,-0.5831529107894595,0
0.2892176189450491,1,-1.2608171459761515,1.4275792252613624,-0.7617550106211805,0.38687938054715293,0.4653458572024017,-0.3745378957326311,1
-0.3474249384811594,2,-0.8099118315092035,0.6940901929045262,0.03471511153104885,-1.2254670311291176,-0.5517105196927947,-0.6376431898329405,0
0.16188910745980742,5,-0.5093082885312382,0.5473923864331589,-0.7068260366796474,-0.31668996272976513,-0.5795242133987276,-0.6549608535993412,0
0.5438746419155326,2,1.4446147408255363,0.10729896701905717,-0.04767834938125073,-1.1961516418259126,-0.3372490192600633,-0.44379638337611216,0
0.16188910745980742,1,1.4446147408255363,0.10729896701905717,0.5840048509463793,0.1376985714699111,2.882461787746248,0.20353176647768917,0
1.4351742223122246,3,2.045821826781467,-0.6261900653377791,1.4628684340109082,-1.1668362525227076,-0.034391659379006664,-0.10379260123582837,0
-0.092767915510676,1,0.693105883380623,0.4006945799617917,0.14457305941411497,-0.09682454295572823,0.6578098845354177,0.49331717543497083,0
-0.984067495907368,1,-0.20870474555327295,-0.6261900653377791,-0.003735170228024285,-0.17011301621374053,-0.15675276852342954,0.0005297353382964266,0
1.0531886878564993,1,-0.0584029740642903,0.4006945799617917,-0.0202138624104842,-1.0202593060066831,-0.5353054902403241,-0.6245829831132494,0
-0.2200964269959177,1,0.8434076548696056,-0.039398839452310076,0.721327285800212,4.549664661602251,0.41125916425142695,-0.09562407844093133,1
0.5438746419155326,2,1.7452182838035015,1.2808814187899953,1.5177974079524412,-1.2987555043871297,-0.3550574404965332,-0.247224834827945,0
-0.7294104729368845,1,-1.110515374487169,-0.6261900653377791,-0.789219497591947,-1.1375208632195029,-0.571308496492022,-0.6441493385804843,0
-0.092767915510676,4,-0.20870474555327295,0.9874858058472606,-0.15753629726431684,-0.565870771807007,-0.5173109182592222,-0.5940731721435275,0
-1.1113960073926097,1,-1.110515374487169,-1.212981291223248,-0.6793615497088809,-0.7857361915810438,-0.17856739142363043,-0.49527484521257464,0
-0.4747534499664011,1,0.9937094263585883,-0.9195856782805136,0.3917534421510137,-0.8003938862326463,-0.5269643526191501,-0.5763452381124666,0
-1.1113960073926097,1,0.242200568913675,-0.33279445239504457,-0.5969680887965813,-1.1082054739162979,-0.5594734018093669,-0.6424873447650723,0
-0.8567389844221263,1,0.5428041118916404,-0.18609664592367733,-0.0202138624104842,-0.37532074133617493,0.6436881721952961,-0.04266043064176029,0
1.689831245282708,1,0.693105883380623,1.720974838204097,0.11710857244334844,3.0106067231839932,-0.5396476873970258,-0.6199905417262567,1
0.5438746419155326,2,-0.9602136029981863,0.5473923864331589,0.0072506245602823255,0.8412679147468292,-0.31570834160462236,-0.5276877170484913,1
0.2892176189450491,1,-0.8099118315092035,-0.7728878718091463,-0.5695036018258147,-0.9616285274002733,-0.5618095276435973,-0.6306092791508756,0
2.1991452912236746,5,0.09189879742469236,-1.212981291223248,0.6663983118586789,-0.12613993225893314,-0.4922663819069475,-0.45564593159471156,1
1.689831245282708,1,-0.8099118315092035,0.4006945799617917,-0.5145746278842817,1.6181257312817594,0.34628859372068665,0.9978560639093899,0
-1.1113960073926097,1,-0.20870474555327295,-0.7728878718091463,-0.6518970627381143,-0.7564208022778388,-0.4422459605408439,-0.3080307664163797,0
1.4351742223122246,5,0.9937094263585883,-1.212981291223248,2.2044095822216043,-1.0495746953098881,-0.2654423596817701,0.64869363499907,0
-0.4747534499664011,1,-0.20870474555327295,0.25399677349042443,-0.6244325757673478,-0.7857361915810438,-0.5785175471378626,-0.6518714690762979,0
-0.092767915510676,1,0.693105883380623,-0.039398839452310076,0.2818954942679476,-0.6098438557618143,-0.009507529519446832,0.3149579764110776,0
0.6712031534007743,1,2.045821826781467,-0.6261900653377791,1.353010486127842,-0.9762862220518758,-0.5758289230850736,-0.6447014353592485,0
-1.3660530303630931,3,-0.9602136029981863,-0.47949225886641184,-0.003735170228024285,-0.565870771807007,-0.4015541998950974,-0.36873251445289884,1
-0.2200964269959177,1,-0.9602136029981863,0.8407879993758934,-0.04767834938125073,-1.0495746953098881,-0.5453404676158455,-0.6234035036313442,0
2.3264738027089162,4,-0.5093082885312382,3.0412550964464025,0.8861142076248112,1.031817945217661,3.9984553050863294,1.838293370253902,1
1.5625027337974662,3,0.09189879742469236,-1.0662834847518807,-0.003735170228024285,1.44223339546253,1.0965632289791112,2.3531578373261994,1
0.03456059597456571,1,-0.5093082885312382,-0.47949225886641184,-0.37725219303044905,0.40153707519875537,-0.5684720080179649,-0.5037665651575747,0
-0.092767915510676,1,0.8434076548696056,-0.039398839452310076,-0.4871101409135152,0.9878448612628538,-0.5049087899253651,-0.5175659427711483,0
1.8171597567679496,1,0.39250234040265763,-0.47949225886641184,-0.003735170228024285,-0.023536069697715937,1.042500299952983,-0.09215180035300137,0
-1.1113960073926097,2,-1.2608171459761515,-0.18609664592367733,-0.4871101409135152,-0.1407976269105356,0.2588294289767335,-0.14835616498785212,0
-1.4933815418483347,1,-0.9602136029981863,-0.9195856782805136,-0.8166839845627135,-0.09682454295572823,-0.04870744377204256,-0.3772983796264519,1
-1.4933815418483347,2,-1.2608171459761515,-0.6261900653377791,-0.6793615497088809,-0.22874379482015036,-0.2797066555709716,-0.13359213893920638,0
0.4165461304302908,2,-0.6596100600202209,0.6940901929045262,0.2818954942679476,-1.269440115083925,-0.28841679413629223,-0.4825709158218795,0
-0.8567389844221263,2,-0.5093082885312382,-0.9195856782805136,-0.2399297581766164,-0.2873745734265602,0.16194786803108377,0.08501727269463025,0
-0.6020819614516428,3,-1.2608171459761515,-0.039398839452310076,0.5290758770048464,2.849372082016366,-0.322588657956751,-0.0695375056443247,1
-0.092767915510676,1,1.4446147408255363,0.25399677349042443,-0.322323219088916,0.7533217468372143,0.8059832368264667,0.5372461320769688,0
1.9444882682531914,2,1.1440111978475709,0.8407879993758934,0.6938627988294455,0.12304087681830865,0.5176839213500771,1.7090240160112395,0
-0.7294104729368845,1,0.5428041118916404,-0.9195856782805136,-0.15753629726431684,-0.5218976878521995,-0.4722677189304447,-0.6154558955943411,0
0.9258601763712576,3,-1.2608171459761515,0.10729896701905717,0.5016113900340798,-0.536555382503802,-0.39597759886441697,0.8447974982594411,0
-0.4747534499664011,1,0.693105883380623,0.5473923864331589,-0.5145746278842817,-0.7710784969294413,-0.5784370138369934,-0.6510699401440425,0
0.5438746419155326,1,0.242200568913675,-0.6261900653377791,-0.4047166800012156,-0.8003938862326463,-0.45820739672951033,-0.15967186756086965,0
1.3078457108269828,2,1.8955200552924842,2.6011616770323007,2.3691965040462035,-1.0642323899614905,-0.41113898291657947,-0.6019972058001701,0
1.3078457108269828,1,2.045821826781467,2.307766064089566,1.2431525382447761,0.2109870447279234,0.2493198983839325,2.915326960215335,0
0.16188910745980742,1,0.8434076548696056,1.2808814187899953,0.199502033355648,-0.6684746343682241,0.666362917153141,-0.22454437976148253,0
-1.2387245188778513,4,-1.2608171459761515,-0.33279445239504457,-0.003735170228024285,0.2696178233343332,-0.569462171553242,-0.6503307692501599,1
-0.7294104729368845,2,-1.110515374487169,-0.18609664592367733,-0.45964565394274864,1.603468036630157,0.9581093219503418,0.7963909302767221,1
-0.6020819614516428,2,-0.0584029740642903,-0.6261900653377791,0.2818954942679476,-0.565870771807007,-0.35998317403002483,0.5807157685338793,0
-0.4747534499664011,1,-1.110515374487169,-1.0662834847518807,-0.003735170228024285,-0.8443669701874537,-0.5656757861943424,-0.6224886655805821,0
1.0531886878564993,1,-0.6596100600202209,-0.9195856782805136,-0.45964565394274864,-0.8297092755358512,-0.5764830911273799,-0.6066056169286974,0
-0.3474249384811594,2,0.39250234040265763,-0.6261900653377791,0.3093599812387141,1.9845680975718212,3.0109652113545065,2.434478042611524,1
1.5625027337974662,1,1.5949165123145188,-0.18609664592367733,0.11710857244334844,2.908002860622776,-0.3703845119135987,-0.20379512272487077,0
1.4351742223122246,1,-1.110515374487169,0.9874858058472606,-0.6793615497088809,0.6653755789275996,0.3288617154998102,0.0029411663100060085,1
1.0531886878564993,2,1.1440111978475709,0.25399677349042443,1.0234366424786439,-0.9029977487938634,-0.4092827563424467,0.5402910294628802,0
1.689831245282708,1,-0.8099118315092035,-0.18609664592367733,-0.5969680887965813,-0.47792460389739216,-0.5749595595011003,-0.6518182366045162,0
-0.6020819614516428,3,-0.0584029740642903,-0.18609664592367733,0.41921792912178024,-1.0935477792646955,-0.21696131255851062,-0.2149819266697884,0
-1.4933815418483347,4,-1.2608171459761515,-0.6261900653377791,-0.37725219303044905,1.193052586385288,-0.039751084540949694,1.272312041921316,1
0.16188910745980742,4,-0.0584029740642903,-1.212981291223248,-0.37725219303044905,-1.269440115083925,-0.5637825935148928,-0.4699654665039804,0
-1.87536707630406,1,-1.2608171459761515,-1.0662834847518807,-0.789219497591947,-1.1668362525227076,-0.5510979385189699,-0.5232800683849692,0
1.0531886878564993,1,1.1440111978475709,-0.18609664592367733,1.188223564303243,-1.4453324509031544,-0.4747259649340259,-0.5805795010107571,0
-1.4933815418483347,1,-0.9602136029981863,-1.0662834847518807,-0.5695036018258147,-0.8443669701874537,-0.5718365837108365,-0.617228917136612,1
0.798531664886016,1,1.8955200552924842,-0.9195856782805136,0.8311852336832781,1.5008641740689397,-0.1213167959229337,-0.3271092843029297,0
-0.092767915510676,1,0.5428041118916404,-0.47949225886641184,-0.003735170228024285,2.1751181280426533,4.580161859663091,2.8621712952858087,1
1.9444882682531914,1,0.39250234040265763,-0.47949225886641184,-0.2673942451473829,-0.8003938862326463,-0.029062599232145468,-0.3156095494703241,0
0.6712031534007743,1,0.09189879742469236,-0.6261900653377791,0.5016113900340798,-0.536555382503802,-0.05859323650824884,0.6504594321344561,0
-0.7294104729368845,2,-1.2608171459761515,-0.039398839452310076,-0.6518970627381143,0.38687938054715293,0.10565509072351172,0.02884864986226146,1
-0.092767915510676,2,0.09189879742469236,1.134183612318628,0.2818954942679476,1.2370256703400955,-0.2654793257870871,-0.43829214579388764,0
-1.3660530303630931,2,-1.110515374487169,-0.9195856782805136,-0.10260732332278379,-0.6684746343682241,-0.5744743793688145,-0.6493828510205049,0
-0.984067495907368,1,-1.2608171459761515,-0.47949225886641184,-0.8166839845627135,-1.3427285883419373,-0.4939166544657426,-0.6379671474469261,0
0.6712031534007743,3,1.4446147408255363,0.8407879993758934,3.0558086783153664,-0.536555382503802,1.615650521366904,2.0199354918589587,0
-0.3474249384811594,2,-0.0584029740642903,-0.9195856782805136,-0.0202138624104842,-0.9616285274002733,-0.5151596229515769,-0.6293431067863545,0
0.5438746419155326,2,1.1440111978475709,0.5473923864331589,0.199502033355648,-0.9616285274002733,-0.12176170940478487,-0.1736195356315494,0
0.6712031534007743,1,2.045821826781467,-1.0662834847518807,1.4903329209816747,0.6360601896243947,-0.5764395239318277,-0.6518022668629817,0
-0.3474249384811594,1,0.242200568913675,0.4006945799617917,-0.10260732332278379,-0.17011301621374053,0.4367380523411765,0.21228850808577363,0
0.5438746419155326,1,2.1961235982704497,-1.0662834847518807,0.8037207467125116,1.2663410596433005,1.4879016023725269,3.5433450309303365,0
-1.3660530303630931,1,-0.8099118315092035,-0.7728878718091463,-0.6793615497088809,2.7321105248035464,1.1907357024922427,0.6323565894092759,1
1.0531886878564993,4,1.4446147408255363,0.8407879993758934,10.993045412866893,-0.5512130771554045,0.47824636784901486,-0.1625749384326771,1
2.7084593371646415,1,0.39250234040265763,1.720974838204097,0.3642889551802472,0.6946909682308046,-0.549159858425921,-0.6394165916071527,0
-0.3474249384811594,3,-0.5093082885312382,0.10729896701905717,-0.6244325757673478,-0.8443669701874537,-0.36479338848440085,-0.38572469967754874,0
0.9258601763712576,1,-0.20870474555327295,0.5473923864331589,-0.003735170228024285,-0.008878375046113478,-0.47244396803972405,-0.6202973889028839,0
1.4351742223122246,3,-0.8099118315092035,0.6940901929045262,-0.07514283635201725,0.4308524645019603,1.4282680132969299,0.3461035351866492,1
-0.4747534499664011,1,-0.9602136029981863,-0.9195856782805136,-0.6518970627381143,0.8998986933532389,0.5679611251263292,0.05533256503752412,1
1.0531886878564993,1,2.4967271412484147,1.134183612318628,5.390290070830521,-1.1228631685679002,-0.47201687750150784,-0.47826060653532954,0
-0.8567389844221263,2,-0.3590065170422556,0.10729896701905717,-0.6518970627381143,0.18167165542471847,-0.5370844840587053,-0.5838240201658498,0
0.5438746419155326,3,0.39250234040265763,1.2808814187899953,-0.18500078423508337,0.38687938054715293,1.1103878922586496,0.28395728600514036,0
0.5438746419155326,1,-1.2608171459761515,-0.039398839452310076,-0.18500078423508337,-0.34600535203297,0.12368794902797774,0.11085783542521732,0
0.2892176189450491,4,-1.110515374487169,0.8407879993758934,-0.3497877060596825,0.8559256093984315,1.1981243027924804,0.3406453056693217,1
-0.6020819614516428,1,-1.2608171459761515,0.4006945799617917,-0.789219497591947,0.25496012868273077,-0.5599407589980177,-0.5892898543220032,0
0.2892176189450491,5,0.09189879742469236,1.134183612318628,3.605098417730697,-0.6391592450650192,0.005943642394040103,2.9779477388595836,0
-1.6207100533335765,1,-0.6596100600202209,-0.7728878718091463,-0.8716129585042465,1.061133334520866,-0.5785175471378626,-0.6468410004929303,0
1.9444882682531914,1,-1.110515374487169,2.6011616770323007,-0.5420391148550482,0.5920871056695873,0.6422286711442977,0.05437894332874966,0
-0.6020819614516428,1,0.242200568913675,-0.9195856782805136,-0.7342905236504139,-0.859024664839056,-0.35816127312511503,-0.4652110463099948,0
0.5438746419155326,1,-0.0584029740642903,-1.212981291223248,-0.6793615497088809,-0.9176554434454659,-0.5617626599029275,-0.6338682471197377,0
-1.7480385648188181,2,-1.2608171459761515,-0.9195856782805136,-0.6793615497088809,0.32824860194074307,-0.5477756098036036,-0.5740535802022658,1
-0.4747534499664011,3,0.09189879742469236,-0.9195856782805136,-0.4871101409135152,-1.1228631685679002,-0.4997520182336421,-0.4247178654895622,0
-0.4747534499664011,2,0.09189879742469236,-1.0662834847518807,-0.4321811669719821,-0.6538169397166217,-0.5402642292249917,-0.612030766267132,0
1.689831245282708,1,-1.2608171459761515,2.1610682576181985,-0.4321811669719821,1.7647026777977841,-0.4042434840569099,-0.5021657886847116,0
-0.8567389844221263,1,-0.6596100600202209,-1.0662834847518807,-0.8166839845627135,1.9845680975718212,-0.5083651207725056,-0.5517731291380485,0
1.5625027337974662,3,1.1440111978475709,2.6011616770323007,4.8135358444444245,1.0757910291724684,9.844288402098865,8.129664303436304,1
-0.984067495907368,2,-0.3590065170422556,-1.0662834847518807,-0.322323219088916,-0.859024664839056,-0.42298926010677546,-0.17691614656259985,0
-0.7294104729368845,2,-0.3590065170422556,0.25399677349042443,0.5290758770048464,1.193052586385288,-0.4489500277836932,-0.2760319671645362,0
-1.7480385648188181,2,-0.9602136029981863,-1.212981291223248,-0.7068260366796474,-0.8443669701874537,-0.5780864959455053,-0.6529828870407108,1
-0.7294104729368845,3,-0.20870474555327295,-0.47949225886641184,-0.7068260366796474,1.3982603115077226,-0.5136090268553329,-0.5429730410886561,1
-1.3660530303630931,4,-1.2608171459761515,-0.7728878718091463,-0.45964565394274864,-0.536555382503802,-0.1908632422047011,-0.15168699679361938,1
1.1805171993417412,1,0.5428041118916404,-0.7728878718091463,-0.003735170228024285,-0.08216684830412577,-0.3437966406643388,0.3519982709725864,0
-1.6207100533335765,1,-1.110515374487169,-1.212981291223248,-0.003735170228024285,-0.859024664839056,-0.40172846867730616,-0.4568459436014469,0
0.4165461304302908,2,0.693105883380623,-1.212981291223248,0.3642889551802472,-1.1521785578711052,-0.3108076922140244,-0.2719528388982952,0
2.1991452912236746,2,0.5428041118916404,1.134183612318628,0.8311852336832781,-0.37532074133617493,-0.5143351467812028,-0.4706149026597167,0
-1.2387245188778513,1,-0.8099118315092035,-0.9195856782805136,-0.7617550106211805,0.8852409987016365,-0.5567643143768488,-0.5571267948715192,1
-1.2387245188778513,1,-0.5093082885312382,-0.47949225886641184,-0.6518970627381143,0.09372548751510373,-0.31407127122629763,0.1033147941737549,0
2.071816779738433,2,2.79733068422638,1.8676726446754641,3.302989061052265,0.18167165542471847,-0.5258190634633463,0.039351036312843354,0
0.4165461304302908,1,1.8955200552924842,1.134183612318628,0.33682446820948064,0.9145563880048414,-0.2774094761691288,-0.465717135023862,0
1.1805171993417412,1,0.09189879742469236,1.720974838204097,-0.3497877060596825,-0.7417631076262364,-0.219791860051356,-0.21030963657512308,0
-1.3660530303630931,2,-0.9602136029981863,-0.7728878718091463,-0.5420391148550482,-0.08216684830412577,0.00600239209713321,-0.033903308801734526,1
-0.092767915510676,1,-0.5093082885312382,-0.7728878718091463,-0.3497877060596825,-0.4339515199425848,-0.06636998091431495,-0.03518202882031846,0
-1.2387245188778513,2,-0.3590065170422556,-0.9195856782805136,-0.5420391148550482,-0.8443669701874537,-0.5795420363423626,-0.651117849368646,0
1.3078457108269828,3,-0.5093082885312382,1.2808814187899953,1.3255459991570755,0.0350947089086939,-0.3415463290031658,-0.41736646113651377,1
-0.092767915510676,2,-0.6596100600202209,0.25399677349042443,-0.5695036018258147,-0.6538169397166217,-0.5423891201716964,-0.6218335259457263,0
-0.984067495907368,4,-0.9602136029981863,-0.039398839452310076,-0.6244325757673478,-0.6684746343682241,-0.3688471179978252,-0.27844567952789356,1
-0.2200964269959177,2,0.242200568913675,0.6940901929045262,0.3093599812387141,1.5594949526753497,3.4541643900715937,1.5506657775634844,1
0.03456059597456571,2,-1.2608171459761515,1.134183612318628,-0.6518970627381143,0.6946909682308046,-0.5670006250045432,-0.6502429356717202,1
1.9444882682531914,2,0.9937094263585883,3.334650709389137,0.3917534421510137,-1.3427285883419373,-0.5491162912303688,-0.6479969055944751,0
-0.2200964269959177,1,0.693105883380623,0.6940901929045262,-0.10260732332278379,-0.9762862220518758,-0.4292946214994198,-0.16720045999856278,0
0.798531664886016,3,0.693105883380623,0.6940901929045262,-0.003735170228024285,2.1897758226942554,0.9488941999820298,7.183511870916693,1
-0.8567389844221263,1,-1.2608171459761515,-0.9195856782805136,-0.4871101409135152,3.377049089474055,-0.42921144776245657,-0.3876308023992738,1
0.4165461304302908,3,0.5428041118916404,0.8407879993758934,0.47414690306331325,0.8412679147468292,-0.20272936201146152,-0.48934208623250774,1
-1.2387245188778513,1,-0.8099118315092035,-0.9195856782805136,-0.8166839845627135,1.1051064184756734,-0.5132657701631036,-0.5854525535704276,1
1.5625027337974662,2,-0.6596100600202209,0.10729896701905717,-0.3497877060596825,-0.46326690924578967,-0.5011270253296303,-0.6116463517744801,1
-0.6020819614516428,1,0.5428041118916404,0.10729896701905717,1.4354039470401416,-0.44860921459418723,1.357609943419558,0.9115236411738799,0
1.1805171993417412,2,0.5428041118916404,-0.47949225886641184,1.1058301033909435,0.40153707519875537,-0.4825891836221729,-0.28631343885722416,0
-1.2387245188778513,1,-1.2608171459761515,-0.9195856782805136,-0.7617550106211805,1.2663410596433005,-0.24090610727760428,0.44292351532703045,1
0.798531664886016,2,-0.3590065170422556,-1.212981291223248,-0.2673942451473829,1.3542872275529152,-0.2820414611871549,-0.5600081925226726,1
-1.6207100533335765,3,-1.2608171459761515,-1.0662834847518807,-0.7617550106211805,-0.37532074133617493,-0.5484409996993098,-0.6207810439322144,0
0.03456059597456571,2,-0.8099118315092035,0.4006945799617917,-0.15753629726431684,1.0171602505660586,-0.4610168207336031,-0.4622391534568125,1
0.9258601763712576,5,-0.3590065170422556,2.1610682576181985,3.962136748350662,-0.3606630466845725,-0.3716314578590243,-0.21182219923760506,0
0.4165461304302908,1,-0.8099118315092035,1.5742770317327297,-0.6244325757673478,0.6507178842759972,-0.03097559518230077,0.31401576166054207,0
-1.4933815418483347,2,-1.110515374487169,-0.7728878718091463,-0.7617550106211805,1.2370256703400955,0.004361361064667344,0.28795770625953276,1
-0.8567389844221263,3,-0.9602136029981863,-0.47949225886641184,-0.4321811669719821,1.412918006159325,-0.4795137356816023,-0.48618578088779607,0
2.1991452912236746,1,1.5949165123145188,2.4544638705609336,-0.003735170228024285,-0.8150515808842487,-0.317688008566153,0.7841121001963977,0
-1.2387245188778513,1,0.09189879742469236,-0.9195856782805136,-0.7068260366796474,-0.9909439167034783,-0.5799361214294029,-0.6550734022539653,0
-0.8567389844221263,2,-1.110515374487169,-0.6261900653377791,-0.8166839845627135,0.6507178842759972,-0.20117678558814708,0.020795337345577616,0
1.0531886878564993,1,1.5949165123145188,0.4006945799617917,0.9135786945955777,-0.40463613063937987,-0.5748427202039377,-0.6357446917500414,0
-1.3660530303630931,2,-0.8099118315092035,-1.0662834847518807,-0.5969680887965813,1.2956564489465052,0.8542900151675173,0.2615095328867521,0
-0.092767915510676,3,0.693105883380623,-0.18609664592367733,0.17203754638488147,-0.15545532156213807,0.40843653806686375,0.5943736998652902,0
-0.7294104729368845,2,-0.3590065170422556,0.10729896701905717,-0.5695036018258147,-0.888340054142261,-0.5413989566364192,-0.637613151509578,0
-0.4747534499664011,1,-0.3590065170422556,0.10729896701905717,-0.6793615497088809,-0.2873745734265602,-0.0990671611762344,-0.26958247297624577,0
0.9258601763712576,2,0.8434076548696056,-1.0662834847518807,0.06217959850181538,-0.2434014894717528,0.21294921140613515,0.4575449543976896,1
1.8171597567679496,2,0.39250234040265763,-1.0662834847518807,0.14457305941411497,0.6946909682308046,-0.5441516112644895,-0.3850745030579298,0
0.5438746419155326,1,2.045821826781467,0.10729896701905717,0.7487917727709785,0.5920871056695873,1.880038047575376,1.8969224739784076,0
1.3078457108269828,3,-1.2608171459761515,1.5742770317327297,-0.6518970627381143,-0.888340054142261,-0.55987738853176,-0.3155593588540728,0
0.798531664886016,1,-0.20870474555327295,2.0143704511468314,-0.37725219303044905,-1.0788900846130929,-0.5322241013185419,-0.32996710757372266,0
-0.7294104729368845,2,0.09189879742469236,-1.212981291223248,0.0072506245602823255,-1.269440115083925,-0.4206498337274275,-0.46723996394875894,0
0.03456059597456571,3,-0.20870474555327295,-0.47949225886641184,-0.21246527120584988,0.7093486628824069,0.33283161116724774,1.000664457027814,0
-0.984067495907368,2,-0.5093082885312382,-0.33279445239504457,-0.5695036018258147,-0.5072399932005971,-0.5753483637159524,-0.6515182336028325,0
-0.8567389844221263,1,-0.6596100600202209,-0.18609664592367733,-0.7342905236504139,-0.9029977487938634,-0.3907706588869066,-0.4681008090638568,0
1.689831245282708,1,1.2943129693365536,2.0143704511468314,0.5565403639756129,-1.0349170006582855,-0.4831119899687992,-0.6308066195284091,0
-1.3660530303630931,1,-0.9602136029981863,-0.47949225886641184,-0.7617550106211805,-0.6245015504134167,-0.5451437551268371,-0.6343153998827037,0
-0.4747534499664011,1,-0.3590065170422556,0.5473923864331589,-0.3497877060596825,-0.888340054142261,-0.5703988662576142,-0.60813300863689,0
1.0531886878564993,1,0.242200568913675,0.10729896701905717,0.6389338248879124,-0.565870771807007,-0.3089065782262924,0.8676479170036635,0
0.9258601763712576,1,-0.8099118315092035,0.25399677349042443,-0.5969680887965813,0.04975240356029636,-0.14002428564943517,0.05857518303291033,0
2.071816779738433,2,3.3985377701823105,0.8407879993758934,5.5825414796258865,-0.3606630466845725,-0.2979514088719869,-0.07928018867619392,0
-1.6207100533335765,1,-0.6596100600202209,-0.7728878718091463,-0.7342905236504139,1.8819642350106038,-0.45542503719538174,-0.5601758748087848,1
0.2892176189450491,1,-0.3590065170422556,0.25399677349042443,-0.4047166800012156,0.2109870447279234,0.542881602995808,0.07700312406790007,1
-1.6207100533335765,3,-1.110515374487169,-0.7728878718091463,-0.003735170228024285,0.518798632411575,-0.4495117805627071,-0.5992857718267767,1
1.8171597567679496,2,-0.9602136029981863,0.6940901929045262,-0.7068260366796474,0.9731871666112513,-0.5550163456825731,-0.5411753044702009,1
-0.7294104729368845,1,0.09189879742469236,-0.039398839452310076,-0.4321811669719821,-0.30203226807816264,-0.5697750632303896,-0.5676554173260506,0
0.9258601763712576,1,-0.9602136029981863,1.134183612318628,-0.4321811669719821,-0.08216684830412577,-0.4828070195999339,-0.6006397777697375,0
-0.092767915510676,1,0.9937094263585883,-1.212981291223248,0.5840048509463793,0.4308524645019603,1.8894703454124253,1.285019393399483,0
-0.092767915510676,2,0.09189879742469236,-0.18609664592367733,-0.5145746278842817,-1.2547824204323224,-0.3851828360028263,-0.5929936936621835,0
-0.3474249384811594,2,-0.5093082885312382,-0.47949225886641184,-0.07514283635201725,0.6946909682308046,-0.5788132759803987,-0.6535338431236511,1
0.9258601763712576,2,1.4446147408255363,2.1610682576181985,0.5565403639756129,-0.09682454295572823,0.503249317332808,1.1298801985667535,0
-1.3660530303630931,1,-0.8099118315092035,-1.212981291223248,-0.8716129585042465,0.8559256093984315,-0.026511937965271733,-0.11707676456894374,1
-0.092767915510676,1,1.1440111978475709,0.10729896701905717,0.06217959850181538,-0.3899784359877774,0.39285796511183785,0.17140368836580444,0
-1.1113960073926097,1,0.242200568913675,-0.9195856782805136,-0.37725219303044905,-0.8150515808842487,-0.49660989928169624,-0.1314677830831765,0
-0.6020819614516428,2,0.5428041118916404,0.10729896701905717,0.6114693379171459,1.44223339546253,1.3056699250130641,3.455535407102885,0
-0.3474249384811594,1,-0.6596100600202209,-0.7728878718091463,-0.8166839845627135,2.6734797461971365,-0.5210075287909233,-0.5158974850127344,1
0.4165461304302908,3,0.693105883380623,1.4275792252613624,-0.5695036018258147,-0.6684746343682241,-0.35330749147518686,-0.24405027835005105,0
1.0531886878564993,2,0.242200568913675,2.307766064089566,-0.2399297581766164,-0.25805918412335527,-0.13365621389955656,0.28342648221508887,0
-0.4747534499664011,2,0.09189879742469236,-0.039398839452310076,0.199502033355648,0.47482554845676767,0.20874893768948982,1.6109264565480983,0
-0.092767915510676,4,0.242200568913675,1.4275792252613624,2.1220161213093047,1.031817945217661,1.414591874547683,6.286740160613405,0
0.2892176189450491,2,-0.6596100600202209,0.4006945799617917,-0.7068260366796474,1.6767565098881692,-0.578859483612045,-0.6394576566568129,1
0.798531664886016,3,0.5428041118916404,0.4006945799617917,-0.003735170228024285,2.3803258531650875,-0.2505443591299913,0.021474811824676483,1
-0.3474249384811594,1,-1.2608171459761515,-0.6261900653377791,-0.7068260366796474,-1.0642323899614905,-0.5782667057089257,-0.6540197795446295,1
-1.6207100533335765,2,-1.2608171459761515,-1.0662834847518807,-0.29485873211814945,-0.18477071086534297,-0.5748486611851493,-0.646292706033579,1
-0.3474249384811594,2,0.5428041118916404,-0.7728878718091463,0.47414690306331325,1.1637371970820831,3.083298637933567,1.594325910222985,0
-0.092767915510676,2,1.2943129693365536,2.1610682576181985,-0.1300718102935503,-0.11148223760733068,-0.2791838492243453,0.6524263719667888,0
0.6712031534007743,1,1.8955200552924842,1.8676726446754641,0.0072506245602823255,-0.5951861611102118,0.05820645411303447,0.061502968980902094,0
-0.4747534499664011,1,-0.0584029740642903,-1.0662834847518807,-0.6518970627381143,-0.5218976878521995,-0.3357822570098062,-0.23551369103597794,0
-0.092767915510676,3,-0.20870474555327295,-1.212981291223248,-0.5145746278842817,-1.1814939471743102,-0.49727132852326134,-0.47709785725884135,0
2.1991452912236746,4,0.693105883380623,1.2808814187899953,5.170574175064389,-0.37532074133617493,-0.09235781306119696,-0.2510895122792941,0
-0.8567389844221263,1,-0.9602136029981863,-0.9195856782805136,-0.789219497591947,-1.1375208632195029,-0.4484292017641375,-0.5694907969066942,1
0.4165461304302908,3,0.9937094263585883,1.4275792252613624,0.47414690306331325,0.4601678538051652,2.7802967141763597,0.6190378249695024,0
-0.2200964269959177,2,0.242200568913675,-0.6261900653377791,-0.5420391148550482,-1.0495746953098881,-0.5597876137045615,-0.3604784394712099,0
0.5438746419155326,2,0.09189879742469236,0.5473923864331589,-0.37725219303044905,-0.536555382503802,0.36383429156579633,-0.395914535472384,0
1.5625027337974662,3,2.1961235982704497,0.4006945799617917,1.9023002255431727,-0.9176554434454659,-0.5756936007352523,-0.6402926459999024,0
0.16188910745980742,2,0.39250234040265763,-0.039398839452310076,0.0896440854725819,-1.3134131990387323,-0.4000359491410059,-0.516756809200067,0
-0.7294104729368845,3,-0.20870474555327295,-0.9195856782805136,1.0509011294494104,0.4894832431083701,-0.12376976105432677,-0.4837207372123635,1
1.689831245282708,4,0.8434076548696056,0.25399677349042443,0.3642889551802472,0.9145563880048414,2.678058368504861,1.169568428367459,1
0.4165461304302908,3,0.5428041118916404,1.4275792252613624,0.5016113900340798,-0.6538169397166217,0.010522818690184798,0.4159688730084413,0
1.4351742223122246,2,0.09189879742469236,2.6011616770323007,-0.84414847153348,-0.8736823594906585,-0.570212715512982,-0.4156907789712151,0
-0.984067495907368,3,-0.5093082885312382,-0.6261900653377791,-0.10260732332278379,1.412918006159325,1.207564521937812,1.4930138699281137,1
2.4538023141941583,1,1.4446147408255363,3.774744128803239,1.8748357385724062,-0.25805918412335527,-0.5582574809880467,-0.6309822866852886,0
-0.984067495907368,4,-1.2608171459761515,-1.212981291223248,-0.003735170228024285,0.357563991243948,0.35683779602552856,0.01230209647281241,1
-1.4933815418483347,1,-1.110515374487169,-1.212981291223248,-0.789219497591947,-1.269440115083925,-0.5722847977378052,-0.5563237450114986,0
0.798531664886016,1,2.1961235982704497,-0.9195856782805136,1.2431525382447761,0.5041409377599726,-0.2014447898516954,3.8669957977392917,0
-1.3660530303630931,1,-0.8099118315092035,-0.47949225886641184,-0.84414847153348,0.15235626612151357,-0.5318933866977594,-0.03851970480102908,1
-0.8567389844221263,1,0.09189879742469236,-1.212981291223248,-0.6518970627381143,2.556218188984317,2.9076792726626843,-0.34712089137342406,1
-1.1113960073926097,1,-1.2608171459761515,-1.212981291223248,-0.8716129585042465,0.0350947089086939,-0.5631211642733277,-0.6091311174827962,0
-1.3660530303630931,1,-0.0584029740642903,-1.212981291223248,-0.789219497591947,-0.6831323290198266,-0.20420800622414195,-0.5097833553966684,1
1.8171597567679496,2,2.045821826781467,-0.6261900653377791,0.9135786945955777,-0.4339515199425848,-0.5609711891837293,-0.4469838677400102,0
-0.8567389844221263,2,-0.8099118315092035,-1.0662834847518807,-0.2673942451473829,-0.2434014894717528,-0.3265869383121998,0.3759258868065051,0
0.4165461304302908,1,-0.3590065170422556,1.2808814187899953,-0.7617550106211805,0.40153707519875537,-0.5713553642326917,-0.5713079253541556,0
-0.2200964269959177,2,-0.9602136029981863,0.10729896701905717,-0.2399297581766164,-0.8443669701874537,-0.029365589273940253,-0.3393896353110193,0
-1.1113960073926097,1,-0.0584029740642903,-0.6261900653377791,-0.5695036018258147,-0.8150515808842487,-0.44116800250543897,-0.28849939228774424,0
0.16188910745980742,1,0.09189879742469236,-1.0662834847518807,-0.15753629726431684,-0.06750915365252332,-0.4495890133184587,-0.5813703834486562,0
0.2892176189450491,3,1.1440111978475709,0.8407879993758934,0.11710857244334844,3.860753012976936,-0.5795222330716571,-0.6548821455874926,1
-1.2387245188778513,4,-1.2608171459761515,-1.0662834847518807,-0.7617550106211805,3.391706784125657,1.269350726539101,0.5654000259384107,1
-0.7294104729368845,1,0.09189879742469236,-0.9195856782805136,-0.3497877060596825,-0.8003938862326463,-0.12202707323223912,-0.316814124260355,0
-0.984067495907368,2,-0.0584029740642903,-0.6261900653377791,-0.21246527120584988,-0.4925822985489946,-0.33942341838353174,0.2030899369619013,0
1.3078457108269828,1,1.2943129693365536,-1.212981291223248,0.4466824160925468,0.6946909682308046,-0.5639212164098315,-0.6292028012000157,0
0.2892176189450491,1,0.09189879742469236,-0.039398839452310076,0.3093599812387141,-0.6977900236714291,0.31606286164281877,0.020579745834861857,0
-0.7294104729368845,2,-0.8099118315092035,-0.33279445239504457,-0.5420391148550482,-0.6098438557618143,-0.22509517594630002,-0.25668500552743007,1
2.071816779738433,1,0.242200568913675,-1.0662834847518807,-0.04767834938125073,0.4308524645019603,2.6941564472613955,-0.332875121460767,1
-1.6207100533335765,3,-1.2608171459761515,-1.212981291223248,-0.6244325757673478,-0.2727168787749577,-0.3338666206235568,-0.06247089501530821,1
-0.6020819614516428,4,-0.20870474555327295,0.25399677349042443,-0.4321811669719821,0.7972948307920218,-0.5625943972725602,-0.486239393591519,0
-0.4747534499664011,1,-0.20870474555327295,-0.9195856782805136,-0.7068260366796474,0.29893321263753814,-0.5792746921878378,-0.6463668512621321,0
-0.8567389844221263,1,-0.9602136029981863,-1.212981291223248,-0.7617550106211805,0.6653755789275996,0.7002047264618406,-0.37978053373924286,1
0.03456059597456571,1,0.242200568913675,1.134183612318628,-0.003735170228024285,-0.6684746343682241,-0.4361980416673716,0.10712091590614418,0
-1.2387245188778513,4,-1.110515374487169,-1.0662834847518807,-0.322323219088916,-0.25805918412335527,-0.5712299435182233,-0.5504674126516325,1
-0.3474249384811594,2,-0.5093082885312382,-1.212981291223248,-0.4871101409135152,0.6653755789275996,1.1324124298283291,-0.06599488464725467,1
-0.2200964269959177,1,-0.9602136029981863,0.25399677349042443,-0.5969680887965813,-0.09682454295572823,0.10743738508701045,-0.17522183303217762,0
-0.8567389844221263,2,-0.8099118315092035,-0.6261900653377791,-0.1300718102935503,2.1751181280426533,3.312487830790009,1.015537229411671,1
1.4351742223122246,3,-0.6596100600202209,1.2808814187899953,0.7487917727709785,-0.7124477183230314,0.8876070378025203,-0.0017904399675017237,0
0.798531664886016,1,2.346425369759432,0.5473923864331589,1.0234366424786439,0.54811402171478,-0.14508996229591267,-0.463987459922899,0
0.9258601763712576,2,0.39250234040265763,-0.47949225886641184,0.7487917727709785,-0.5072399932005971,1.313974096528921,0.14121327222677246,0
0.798531664886016,4,0.09189879742469236,0.6940901929045262,0.03471511153104885,-0.7710784969294413,-0.5771200963350749,-0.6480261834539549,0
-1.1113960073926097,1,-0.8099118315092035,-0.47949225886641184,-0.45964565394274864,2.263064295952268,1.08780424234605,1.2178875430036795,1
1.5625027337974662,1,2.79733068422638,-0.039398839452310076,1.8473712516016396,-0.15545532156213807,0.9915055576681668,2.3923795225349327,0
-0.7294104729368845,1,-1.110515374487169,-0.7728878718091463,-0.7617550106211805,2.2484066013006654,-0.4492087905209123,-0.5554294394855666,1
-0.092767915510676,1,-0.8099118315092035,0.8407879993758934,-0.2673942451473829,-0.8150515808842487,-0.1678676842614264,-0.249344247668738,0
0.16188910745980742,1,-0.20870474555327295,-0.9195856782805136,-0.07514283635201725,-0.5951861611102118,-0.5113712572656068,-0.5934640405735686,0
0.4165461304302908,2,-0.20870474555327295,-0.6261900653377791,0.5016113900340798,-1.0642323899614905,-0.5370402567541296,-0.6070436441250723,0
0.798531664886016,2,-0.6596100600202209,0.8407879993758934,-0.5420391148550482,1.3103141435981078,-0.48279513763751053,-0.5214823317665139,1
1.4351742223122246,1,0.09189879742469236,2.1610682576181985,-0.4047166800012156,0.518798632411575,0.4874463073097859,0.35646561605089233,0
0.6712031534007743,3,-0.8099118315092035,0.9874858058472606,0.25443100729718104,0.9145563880048414,0.5761590190893998,2.129338487632703,1
1.1805171993417412,2,1.2943129693365536,-1.212981291223248,2.286803043133904,-1.1375208632195029,-0.21597180913225708,0.3612599605987141,0
0.03456059597456571,3,0.242200568913675,0.9874858058472606,-0.18500078423508337,0.02043701425709144,-0.47424804600099885,-0.5619952846478941,0
0.16188910745980742,1,1.7452182838035015,0.9874858058472606,-0.003735170228024285,-0.7124477183230314,-0.510282077376802,-0.5722661098462257,0
-0.8567389844221263,1,-1.2608171459761515,-0.7728878718091463,-0.4321811669719821,-0.8003938862326463,-0.5720207541283979,-0.6051455262741146,1
-0.7294104729368845,2,-0.3590065170422556,-0.18609664592367733,-0.7617550106211805,-0.7564208022778388,-0.5503124087809834,-0.6374979412313648,1
-1.4933815418483347,2,-0.8099118315092035,-0.7728878718091463,-0.6518970627381143,0.16701396077311603,0.2610157100626253,-0.18611775954200255,1
0.798531664886016,2,-0.20870474555327295,1.2808814187899953,0.47414690306331325,0.7533217468372143,2.4812871297933894,1.2703637334541071,0
-1.2387245188778513,1,-1.110515374487169,-1.0662834847518807,-0.003735170228024285,-0.4925822985489946,-0.45452200805120907,-0.2290957560988152,0
1.3078457108269828,2,-0.9602136029981863,1.5742770317327297,-0.45964565394274864,-0.7124477183230314,-0.28745963605219105,-0.22836685146734764,0
1.689831245282708,2,3.2482359986933282,0.8407879993758934,2.808628295578468,-0.44860921459418723,2.0437219815920287,1.8851485919161266,0
0.4165461304302908,1,1.4446147408255363,-0.18609664592367733,-0.0202138624104842,-0.47792460389739216,-0.5764705490559331,-0.6453584761538108,0
-0.7294104729368845,1,-0.3590065170422556,-0.6261900653377791,-0.003735170228024285,-0.7124477183230314,0.19229836071439654,-0.15566118104406224,0
0.9258601763712576,4,0.9937094263585883,-0.039398839452310076,3.852278800467596,-0.9762862220518758,1.0068068848333152,0.9767075633344156,0
-0.4747534499664011,1,0.39250234040265763,0.5473923864331589,0.03471511153104885,0.09372548751510373,1.3103864039861006,0.2037367114940486,0
0.6712031534007743,1,-0.8099118315092035,0.6940901929045262,-0.6244325757673478,-0.4925822985489946,-0.30972643363350183,-0.20755599685624565,0
-1.1113960073926097,1,-0.9602136029981863,-0.33279445239504457,-0.6793615497088809,1.3982603115077226,0.09519896379098584,0.5367776863252901,0
-1.2387245188778513,1,-0.3590065170422556,-0.33279445239504457,-0.6518970627381143,1.4568910901141323,0.9131585378848568,0.1743679765801608,0
2.3264738027089162,4,-0.20870474555327295,0.4006945799617917,0.41921792912178024,-0.34600535203297,0.6574290016288478,0.4642587097851819,0
1.9444882682531914,3,1.4446147408255363,2.747859483503668,1.5452618949232078,0.5627717163663825,3.2364571335702244,2.6148608360270034,0
1.5625027337974662,1,3.3985377701823105,0.10729896701905717,2.4790544519292697,1.8819642350106038,8.814301809650997,5.8788159270310665,1
-1.4933815418483347,1,-1.110515374487169,-1.212981291223248,-0.6793615497088809,-0.2727168787749577,0.21879513691841096,-0.4446906889020442,1
0.2892176189450491,3,0.5428041118916404,-0.039398839452310076,1.0234366424786439,-0.9029977487938634,-0.3688484382158722,0.5170003021306351,0
0.798531664886016,1,2.346425369759432,0.9874858058472606,1.4903329209816747,0.18167165542471847,-0.5796714177109722,-0.6550547708888417,0
-0.8567389844221263,2,-1.2608171459761515,-0.18609664592367733,-0.45964565394274864,0.44551015915356273,0.8381391276891013,-0.0056159535288971985,1
-0.4747534499664011,1,-0.20870474555327295,0.4006945799617917,-0.1300718102935503,2.9959490285323906,1.3974871295302833,2.9916166969172924,1
0.798531664886016,2,-0.3590065170422556,-1.0662834847518807,-0.7342905236504139,-0.5805284664586093,-0.49782978075715756,-0.2474963204340315,0
0.16188910745980742,1,-0.20870474555327295,1.2808814187899953,-0.15753629726431684,-0.05285145900092086,-0.46812487469884545,-0.5691725427718282,0
0.798531664886016,1,-1.110515374487169,1.134183612318628,-0.7342905236504139,-0.859024664839056,-0.42052045235881796,-0.4292912952794901,0
2.3264738027089162,2,1.1440111978475709,3.334650709389137,-0.04767834938125073,-0.6831323290198266,0.29993573808924934,-0.22526644021800674,0
-0.4747534499664011,2,-0.3590065170422556,-0.47949225886641184,-0.5695036018258147,0.18167165542471847,0.9591212690833949,-0.44869110915643656,0
-0.8567389844221263,2,-0.5093082885312382,-0.33279445239504457,-0.5695036018258147,-1.0788900846130929,-0.35650902023924935,-0.5083685123430999,0
1.689831245282708,1,2.947632455715363,2.4544638705609336,0.6663983118586789,0.25496012868273077,-0.5513936673615061,-0.6398409304536409,0
-1.4933815418483347,2,-1.2608171459761515,-1.0662834847518807,-0.10260732332278379,-0.9323131380970684,0.09253740420816108,-0.41987371055743034,1
-0.4747534499664011,1,0.39250234040265763,-0.33279445239504457,-0.322323219088916,-0.5072399932005971,-0.3831292368306617,0.11039319199295161,0
-0.984067495907368,1,-0.3590065170422556,-0.33279445239504457,-0.07514283635201725,-0.7857361915810438,0.002760596682636079,-0.18983224537653912,0
1.0531886878564993,1,0.39250234040265763,1.2808814187899953,-0.2399297581766164,-1.3134131990387323,-0.46125578020011665,-0.5408095213426726,0
-0.7294104729368845,2,-0.5093082885312382,-0.18609664592367733,-0.4871101409135152,1.2370256703400955,0.8232648910621692,0.5272916598537968,0
2.3264738027089162,1,-0.3590065170422556,-0.18609664592367733,-0.5145746278842817,-0.565870771807007,-0.1876155058089923,-0.22428087902616328,1
0.4165461304302908,1,-0.6596100600202209,0.10729896701905717,-0.7342905236504139,0.4894832431083701,0.24215243460657357,-0.1463546240488614,0
-0.6020819614516428,1,0.5428041118916404,0.25399677349042443,-0.21246527120584988,-0.25805918412335527,-0.5687050265032668,-0.5389939138229763,0
-0.8567389844221263,3,-0.9602136029981863,-1.212981291223248,-0.7068260366796474,-0.12613993225893314,-0.5646169713206195,-0.5926800023106129,1
0.16188910745980742,1,0.39250234040265763,-0.9195856782805136,-0.3497877060596825,3.259787532261235,-0.49646533540554577,-0.2956211365482489,0
1.689831245282708,1,0.9937094263585883,-0.47949225886641184,0.3917534421510137,-1.1961516418259126,-0.5778845025843088,-0.6517304030260764,0
-0.4747534499664011,1,0.5428041118916404,0.10729896701905717,-0.5969680887965813,-0.536555382503802,-0.28827949145940046,-0.2210504284528986,0
0.03456059597456571,1,1.1440111978475709,0.25399677349042443,0.3093599812387141,0.0350947089086939,0.17458829572243087,1.1857320881920215,0
1.9444882682531914,1,-0.6596100600202209,-0.6261900653377791,-0.6244325757673478,0.32824860194074307,-0.48701257418876737,0.38430201624135063,0
0.9258601763712576,2,0.5428041118916404,0.10729896701905717,0.25443100729718104,0.6946909682308046,-0.4128163199453388,-0.4379115336206487,0
0.6712031534007743,1,-0.9602136029981863,-0.7728878718091463,-0.4871101409135152,-0.46326690924578967,-0.4579618361727616,0.030302656805783604,0
0.2892176189450491,2,-1.2608171459761515,0.6940901929045262,-0.4047166800012156,-1.372043977645142,-0.5021013462483429,-0.5940887616531206,1
-0.4747534499664011,3,-0.3590065170422556,-0.039398839452310076,0.22696652032641454,-1.0935477792646955,-0.31451486449010174,-0.23331518995139502,0
0.4165461304302908,1,0.39250234040265763,0.6940901929045262,-0.29485873211814945,-0.33134765738136757,-0.5716510930752279,-0.6494653613517665,0
0.03456059597456571,1,0.9937094263585883,-1.0662834847518807,0.8586497206540447,0.04975240356029636,3.0513784059923283,0.35642607192899733,0
1.1805171993417412,1,2.346425369759432,0.25399677349042443,1.5177974079524412,-0.6831323290198266,1.3950566081056899,0.35762912579126305,0
1.1805171993417412,2,1.8955200552924842,0.8407879993758934,1.8473712516016396,0.4308524645019603,1.5270784128092993,3.8025305139478087,0
-0.2200964269959177,1,-1.2608171459761515,0.5473923864331589,-0.6244325757673478,-1.372043977645142,-0.5289011124941521,-0.6060284248418076,0
0.03456059597456571,1,-0.20870474555327295,0.8407879993758934,-0.45964565394274864,-0.7857361915810438,-0.40553465730691124,-0.21548763515171424,0
0.16188910745980742,3,0.242200568913675,-0.6261900653377791,-0.07514283635201725,0.40153707519875537,-0.516537270483659,-0.4793085257655458,0
-1.4933815418483347,2,-0.8099118315092035,-0.6261900653377791,-0.5969680887965813,-0.5805284664586093,-0.5435753360869583,-0.6187928111111691,0
-0.984067495907368,1,-1.2608171459761515,-0.18609664592367733,-0.7617550106211805,0.37222168589555044,-0.1952199617599202,-0.0008870088749785501,0
-0.092767915510676,1,-0.3590065170422556,-1.0662834847518807,-0.003735170228024285,-1.3280708936903347,-0.5772012897449676,-0.6477892989545265,0
0.03456059597456571,1,-1.2608171459761515,-0.47949225886641184,-0.322323219088916,0.12304087681830865,0.324318845199959,0.2587923954342392,1
-1.3660530303630931,2,-0.6596100600202209,-0.6261900653377791,-0.7068260366796474,-0.9616285274002733,-0.5586099792066053,-0.6394865542843514,0
1.689831245282708,2,3.2482359986933282,-0.039398839452310076,1.5177974079524412,-0.565870771807007,-0.45626403576427316,-0.48079447219213695,0
-1.1113960073926097,2,-0.0584029740642903,-1.0662834847518807,-0.15753629726431684,0.22564473937952587,-0.5507177157214236,-0.4927002947380484,0
0.6712031534007743,1,-0.3590065170422556,0.10729896701905717,-0.2673942451473829,-1.1961516418259126,-0.32200050081679643,-0.5164587073580896,1
-0.092767915510676,1,0.09189879742469236,-0.039398839452310076,0.06217959850181538,-0.1407976269105356,-0.3030131248643233,0.8825043394140446,0
0.03456059597456571,1,1.2943129693365536,-0.6261900653377791,-0.10260732332278379,-1.0642323899614905,-0.57385057634159,-0.6109356982761949,0
-0.6020819614516428,1,-0.20870474555327295,-0.9195856782805136,-0.3497877060596825,2.2190912119974606,0.18908627020595772,2.0887970173557253,1
-1.87536707630406,1,-0.6596100600202209,-1.212981291223248,-0.8716129585042465,-0.08216684830412577,-0.447334080894121,-0.21536520046661642,1
0.16188910745980742,4,-1.110515374487169,1.2808814187899953,-0.4321811669719821,0.18167165542471847,-0.5778646993136033,-0.6434147304698973,0
-1.7480385648188181,1,-1.110515374487169,-1.0662834847518807,-0.8166839845627135,-0.5805284664586093,-0.5706899743369855,-0.6223380937318282,0
-0.092767915510676,1,1.4446147408255363,0.25399677349042443,0.199502033355648,0.0350947089086939,-0.02530591877930426,1.1411765093107649,0
0.03456059597456571,1,-0.20870474555327295,-0.47949225886641184,-0.18500078423508337,0.8559256093984315,0.5432420225226489,1.0851706257492715,1
0.03456059597456571,3,-1.110515374487169,-0.6261900653377791,-0.7068260366796474,-0.34600535203297,-0.5743733826882162,-0.6525361145096862,0
-0.092767915510676,1,0.242200568913675,-1.0662834847518807,-0.3497877060596825,0.00577931960548898,1.0713655473333803,-0.3141038309827855,1
-0.2200964269959177,1,0.5428041118916404,0.5473923864331589,0.6114693379171459,0.07906779286350127,0.3216929315044042,1.617732988529267,0
-0.6020819614516428,1,-0.6596100600202209,-0.9195856782805136,-0.7617550106211805,0.06441009821189882,-0.42998377531997267,-0.00938747415462841,0
-1.3660530303630931,2,-1.2608171459761515,-0.47949225886641184,-0.8166839845627135,-0.4339515199425848,-0.5638142787480216,-0.22051506187955153,0
1.5625027337974662,1,3.3985377701823105,-0.039398839452310076,5.692399427508953,-0.44860921459418723,5.564537559021956,2.7316635256103403,0
-0.092767915510676,1,-1.2608171459761515,2.6011616770323007,-0.003735170228024285,2.7321105248035464,1.238237807933625,1.264316904891651,1
-1.6207100533335765,3,-1.2608171459761515,-0.9195856782805136,-0.7068260366796474,-0.8150515808842487,-0.56554772504378,-0.6278856777553606,0
1.689831245282708,2,-0.3590065170422556,-1.0662834847518807,0.5565403639756129,0.2696178233343332,-0.4271281436842336,-0.4397058481516323,0
0.16188910745980742,2,-0.3590065170422556,0.9874858058472606,-0.5145746278842817,-0.8297092755358512,-0.40701594195568574,-0.2826959121677185,1
-0.7294104729368845,2,-0.3590065170422556,-0.6261900653377791,-0.6793615497088809,0.18167165542471847,-0.33609844923207133,0.12246669682497532,0
-0.2200964269959177,1,0.9937094263585883,-0.7728878718091463,-0.37725219303044905,-0.3899784359877774,-0.2557176335473022,0.08263017656716372,0
1.3078457108269828,1,1.5949165123145188,2.0143704511468314,0.8586497206540447,-0.2727168787749577,0.9399668855479718,0.9285154461665884,0
0.2892176189450491,1,0.5428041118916404,0.8407879993758934,-0.003735170228024285,0.6507178842759972,1.396812498108248,0.6653660451610885,0
